id,conf,lat,lon,intersection_id,corner,src_image,n_detections
dt_wsqnn28xv,0.7999,24.9650442,121.2130991,ix_wsqnn28x,NW,ix_wsqnn28x,3
dt_wsqnpvrb0,0.7999,24.9898075,121.2887256,ix_wsqnpvr8,SE,ix_wsqnpvr8,3
dt_wsj8d2x0n,0.7999,22.5906505,120.3431298,ix_wsj8d2rp,NE,ix_wsj8d2rp,1
dt_wsj8cdd5q,0.7998,22.6461405,120.3033137,ix_wsj8cddj,SE,ix_wsj8cddj,1
dt_wsmurmfqs,0.7998,24.6860503,120.9078335,ix_wsmurmfq,SE,ix_wsmurmfq,3
dt_wsj8bgw6q,0.7997,22.6514708,120.2761781,ix_wsj8bgwm,SW,ix_wsj8bgwm,1
dt_wsmccggr3,0.7996,24.2357152,120.6673549,ix_wsmccggp,SE,ix_wsmccggp,3
dt_wsqj3c04w,0.7995,24.8350504,121.0146801,ix_wsqj3c05,SE,ix_wsqj3c05,1
dt_wsmc8e1e3,0.7994,24.1869994,120.6100525,ix_wsmc8e1e,SW,ix_wsmc8e1e,2
dt_wsj8dstrt,0.7993,22.6139166,120.3516761,ix_wsj8dstq,NW,ix_wsj8dstq,2
dt_wsjs93g13,0.7993,23.3008795,120.2934959,ix_wsjs93fb,NE,ix_wsjs93fb,3
dt_wsj8cwuk4,0.7992,22.6696193,120.3062525,ix_wsj8cwu7,NW,ix_wsj8cwu7,3
dt_wsmcd0s0r,0.7992,24.1727495,120.6796571,ix_wsmcd0s1,SE,ix_wsmcd0s1,1
dt_wsj6xwnqq,0.7991,22.9735171,120.2212576,ix_wsj6xwnx,SW,ix_wsj6xwnx,2
dt_wsqr78kqk,0.799,25.1831144,121.4488957,ix_wsqr78kq,SW,ix_wsqr78kq,3
dt_wsj91760w,0.799,22.6937394,120.2923267,ix_wsj91762,NW,ix_wsj91762,3
dt_wsqnn8g5e,0.799,24.9656726,121.2274045,ix_wsqnn8g4,NE,ix_wsqnn8g4,2
dt_wsj85uc3k,0.7989,22.5263364,120.4010893,ix_wsj85uc3,SE,ix_wsj85uc3,4
dt_wsj931j13,0.7988,22.7254754,120.2852571,ix_wsj931j4,SW,ix_wsj931j4,2
dt_wsjwz5cn7,0.7987,23.7082059,120.543507,ix_wsjwzh10,SW,ix_wsjwzh10,2
dt_wsmvrb8ss,0.7987,24.8326392,120.92739,ix_wsmvrb8t,SE,ix_wsmvrb8t,2
dt_wsqqwdx27,0.7987,25.0626327,121.5848313,ix_wsqqwdx2,SE,ix_wsqqwdx2,5
dt_wsmf6shwk,0.7987,24.3248394,120.7021895,ix_wsmf6sh7,NE,ix_wsmf6sh7,2
dt_wsmb40nnc,0.7986,23.9074356,120.6821454,ix_wsmb40nm,NW,ix_wsmb40nm,2
dt_wsj91fhpq,0.7986,22.6880192,120.3170489,ix_wsj91fhr,NW,ix_wsj91fhr,2
dt_wsjd2usun,0.7983,22.9209379,120.2741343,ix_wsjd2uth,SW,ix_wsjd2uth,3
dt_wsjmrzkuz,0.7982,23.4634965,120.2302208,ix_wsjmrzku,NW,ix_wsjmrzku,3
dt_wsjz0tvw9,0.7981,23.7632019,120.6155181,ix_wsjz0tvq,SE,ix_wsjz0tvq,3
dt_wsj8cvhgn,0.7978,22.6598216,120.3180778,ix_wsj8cvhg,SE,ix_wsj8cvhg,3
dt_wsj6zy5sc,0.7977,23.0172099,120.2282619,ix_wsj6zy5k,NE,ix_wsj6zy5k,1
dt_wsmc8ffpr,0.7976,24.1862774,120.6219731,ix_wsmc8ffp,SE,ix_wsmc8ffp,3
dt_wsj8vv8x5,0.7976,22.6632558,120.4879096,ix_wsj8vv8w,NW,ix_wsj8vv8w,1
dt_wsqx178js,0.7976,25.1568985,121.6957362,ix_wsqx178j,NE,ix_wsqx178j,2
dt_wsqr7sh29,0.7975,25.202749,121.448755,ix_wsqr7sh0,NE,ix_wsqr7sh0,2
dt_wsqx428jk,0.7973,25.1403883,121.7396977,ix_wsqx428h,NE,ix_wsqx428h,3
dt_wsj6z77d0,0.7971,23.0016015,120.2062279,ix_wsj6z776,SE,ix_wsj6z776,2
dt_wsnrv19q1,0.7971,23.8715899,121.5105898,ix_wsnrv19q,NW,ix_wsnrv19q,3
dt_wsjwnrybp,0.7971,23.5972666,120.5186308,ix_wsjwnrxp,NW,ix_wsjwnrxp,3
dt_wsj8dq9cf,0.797,22.6239352,120.3357758,ix_wsj8dq9c,NE,ix_wsj8dq9c,2
dt_wsqqj5yv1,0.797,24.9824008,121.5181243,ix_wsqqj5yt,SE,ix_wsqqj5yt,1
dt_wsqjyhe2x,0.7968,24.9418031,121.2059597,ix_wsqjyhe2,SE,ix_wsqjyhe2,3
dt_wsj6xz431,0.7968,22.9780787,120.2265607,ix_wsj6xz42,NW,ix_wsj6xz44,6
dt_wsqnn8bjp,0.7966,24.96595,121.2234717,ix_wsqnn8bj,SE,ix_wsqnn8bj,3
dt_wsj998g6e,0.7966,22.7682523,120.304904,ix_wsj998gd,SW,ix_wsj998gd,3
dt_wsmc43r40,0.7965,24.0892448,120.6944501,ix_wsmc43r4,SW,ix_wsmc43r4,3
dt_wsqqqwymj,0.7964,25.0428401,121.5835074,ix_wsqqqwyk,NW,ix_wsqqqwyk,1
dt_wsj8u7fbb,0.7964,22.6525657,120.4249452,ix_wsj8u7f9,SE,ix_wsj8u7f9,2
dt_wsqmb13p2,0.7963,24.9251159,121.2904396,ix_wsqmb18b,SE,ix_wsqmb18b,2
dt_wsjx9rjjd,0.7962,23.8577622,120.2962927,ix_wsjx9rhv,NE,ix_wsjx9rhv,3
dt_wsqq7m1dr,0.7962,25.0327597,121.4342724,ix_wsqq7m19,NE,ix_wsqq7m19,3
dt_wsm8yc603,0.7962,24.0450283,120.5338218,ix_wsm8yc3b,NE,ix_wsm8yc3b,1
dt_wsqqhwnb8,0.7961,24.9940129,121.4961156,ix_wsqqhtyx,NE,ix_wsqqhtyx,2
dt_wsj7pm9mq,0.7959,23.0584692,120.203422,ix_wsj7pm9t,SW,ix_wsj7pm9t,2
dt_wsj8cnqdk,0.7959,22.6665719,120.2874582,ix_wsj8cnq3,NE,ix_wsj8cnnz,2
dt_wsj6z8j9s,0.7958,22.9836705,120.2201486,ix_wsj6z8j2,NE,ix_wsj6z8j2,3
dt_wsqqwtku1,0.7958,25.0783718,121.5812866,ix_wsqqwtks,SE,ix_wsqqwtks,2
dt_wsqr74rv6,0.7958,25.193929,121.4316343,ix_wsqr74rv,SW,ix_wsqr74rv,2
dt_wsmcvsm3f,0.7956,24.2375323,120.8349366,ix_wsmcvsm1,NE,ix_wsmcvsm1,3
dt_wsmc3cxgx,0.7956,24.1348311,120.6737905,ix_wsmc3cxu,SW,ix_wsmc3cxu,2
dt_wsjdbep49,0.7956,23.0003177,120.2660364,ix_wsjdbep1,NW,ix_wsjdbep1,1
dt_wsmc9ex67,0.7955,24.1895493,120.6619655,ix_wsmc9ex3,NE,ix_wsmc9ex3,2
dt_wsm9mt0b6,0.7955,24.1535231,120.4772093,ix_wsm9mt08,NE,ix_wsm9mt08,2
dt_wsj7p544g,0.7954,23.044318,120.1933204,ix_wsj7p544,NW,ix_wsj7p544,3
dt_wsj86zf9j,0.7954,22.5867023,120.3589152,ix_wsj86zf8,NE,ix_wsj86zf8,3
dt_wsj8crqkv,0.7954,22.6724872,120.2981217,ix_wsj8crqt,SW,ix_wsj8crqq,2
dt_wsj6yxcpn,0.7954,23.027195,120.1701133,ix_wsj6yxcr,SW,ix_wsj6yxcr,2
dt_wsj6z514v,0.7953,23.0003819,120.1920589,ix_wsj6z511,NE,ix_wsj6z511,3
dt_wsm8up5wr,0.7953,24.0776196,120.4152868,ix_wsm8up5t,NW,ix_wsm8up5t,3
dt_wsmc6gknv,0.7951,24.1450124,120.7125229,ix_wsmc6gkn,NW,ix_wsmc6gkn,3
dt_wsjd3j0fs,0.7951,22.9234174,120.279539,ix_wsjd3j0b,NE,ix_wsjd3j0b,2
dt_wsqsdbm32,0.795,24.6988799,121.7687091,ix_wsqsdbm3,NW,ix_wsqsdbm3,2
dt_wsj6z0zph,0.7949,22.9887329,120.2002554,ix_wsj6z0zh,NW,ix_wsj6z0zh,2
dt_wsqq5d06q,0.7948,24.9723387,121.4435011,ix_wsqq5d09,NW,ix_wsqq5d09,2
dt_wsj7x2t09,0.7948,23.1181061,120.2083317,ix_wsj7x2t0,SW,ix_wsj7x2t0,3
dt_wsqqmg9h5,0.7947,25.0248164,121.5432711,ix_wsqqmg9h,SW,ix_wsqqmg9h,3
dt_wsqjvzsxv,0.7946,24.9595575,121.1965874,ix_wsqjvzu8,SE,ix_wsqjvzu8,2
dt_wsj6xnc8h,0.7945,22.9765444,120.1926753,ix_wsj6xn9x,NW,ix_wsj6xn9x,1
dt_wevxuxqxs,0.7944,22.4971905,120.4412663,ix_wevxuxwb,SW,ix_wevxuxwb,2
dt_wsjttruqq,0.7941,23.5104427,120.4712223,ix_wsjttruh,NE,ix_wsjttruh,1
dt_wsjwzy110,0.794,23.7196641,120.576364,ix_wsjwzy0c,SE,ix_wsjwzy0c,2
dt_wsmuzkn2s,0.794,24.7632983,120.9133263,ix_wsmuzkn8,NW,ix_wsmuzkn8,3
dt_wsj83xuqh,0.794,22.5875485,120.3063413,ix_wsj83xur,SE,ix_wsj83xur,1
dt_wsqqmx37v,0.7939,25.0453606,121.5327053,ix_wsqqmx3t,SW,ix_wsqqmx3t,3
dt_wsmb6t4vq,0.7939,23.9785903,120.6998707,ix_wsmb6t4v,SW,ix_wsmb6t4v,2
dt_wsjwg3zmh,0.7937,23.6970243,120.387338,ix_wsjwg3zm,SW,ix_wsjwg3zm,3
dt_wsmf3g70x,0.7936,24.3197182,120.6672645,ix_wsmf3g74,SW,ix_wsmf3g74,3
dt_wsmurwpdv,0.7936,24.6867604,120.9260716,ix_wsmurwpd,NW,ix_wsmurwpd,2
dt_wsjd3jgk8,0.7935,22.9278757,120.2828258,ix_wsjd3jgh,SE,ix_wsjd3jgh,3
dt_wsj86gfkc,0.7934,22.5653633,120.3583697,ix_wsj86gfk,SW,ix_wsj86gfk,2
dt_wsqqx7fwn,0.7934,25.0704813,121.6113868,ix_wsqqx7ft,NE,ix_wsqqx7ft,2
dt_wsqqw7res,0.7933,25.0672872,121.5742035,ix_wsqqw7ru,SW,ix_wsqqw7ru,2
dt_wsj7n1yrf,0.793,23.0383172,120.155195,ix_wsj7n1yq,NW,ix_wsj7n1yp,6
dt_wsjs91nhq,0.793,23.297255,120.2868521,ix_wsjs91np,SW,ix_wsjs91np,2
dt_wsmcd3bgf,0.7929,24.1801964,120.6859338,ix_wsmcd3bu,SW,ix_wsmcd3bu,2
dt_wsj96tzr8,0.7929,22.7526314,120.3542217,ix_wsj96tzr,NW,ix_wsj96tzr,3
dt_wsj6z0m1g,0.7928,22.9850931,120.1974611,ix_wsj6z0m1,NW,ix_wsj6z0m1,2
dt_wsmc3cp28,0.7926,24.1315923,120.6728335,ix_wsmc3cp1,SE,ix_wsmc3cp1,6
dt_wsj8vdz4t,0.7926,22.6474136,120.4859397,ix_wsj8vdz4,NE,ix_wsj8vdz4,1
dt_wsqj1xr18,0.7926,24.8252621,121.0130647,ix_wsqj1xr4,SW,ix_wsqj1xr4,1
dt_wevxv5k4r,0.7925,22.4743124,120.4599256,ix_wevxv57u,SE,ix_wevxv57u,3
dt_wsmf511gf,0.7925,24.2639565,120.7202751,ix_wsmf511u,SE,ix_wsmf511u,3
dt_wsj7jpvdm,0.7924,23.0703311,120.1103438,ix_wsj7jpve,SE,ix_wsj7jpve,2
dt_wsjt2z3xy,0.7924,23.464022,120.2696639,ix_wsjt2z3x,NE,ix_wsjt2z3x,1
dt_wsqqvch4v,0.7924,25.0987712,121.5474704,ix_wsqqvch3,NW,ix_wsqqvch3,2
dt_wsqqsdze0,0.7923,25.064466,121.4971511,ix_wsqqsdze,SW,ix_wsqqsdze,2
dt_wsmc6b3jm,0.7921,24.128286,120.7083918,ix_wsmc6b3n,SW,ix_wsmc6b3n,3
dt_wsmc3tkg9,0.792,24.1554222,120.6584628,ix_wsmc3tkg,NW,ix_wsmc3tkg,2
dt_wsm9pfmft,0.792,24.0948373,120.5830678,ix_wsm9pfmc,NE,ix_wsm9pfmc,2
dt_wsqqnnb2c,0.792,24.9981748,121.5531609,ix_wsqqnnb2,NE,ix_wsqqnnb2,1
dt_wsqqqxkbm,0.7918,25.0447549,121.5814488,ix_wsqqqxkb,NE,ix_wsqqqxkb,2
dt_wsqqj0326,0.7917,24.9623644,121.510599,ix_wsqqj01q,NW,ix_wsqqj01q,1
dt_wsqjqrq57,0.7915,24.8695006,121.2205369,ix_wsqjqrq4,NW,ix_wsqjqrq4,1
dt_wsqsh6x8x,0.7915,24.6232225,121.8380173,ix_wsqsh6xd,SE,ix_wsqsh6xd,1
dt_wsj9jf1ms,0.7913,22.6877503,120.4889701,ix_wsj9jf1m,SW,ix_wsj9jf1m,3
dt_wsmc1w4d4,0.7913,24.1153649,120.6554026,ix_wsmc1w49,NE,ix_wsmc1w49,3
dt_wsmc3bkre,0.7912,24.1286741,120.6688327,ix_wsmc3bkr,NW,ix_wsmc3bkr,2
dt_wsq2nvqr8,0.7911,23.9364136,121.5942914,ix_wsq2nvw2,SW,ix_wsq2nvw2,3
dt_wsqqjtzk1,0.7911,24.9932199,121.5407902,ix_wsqqjtze,NW,ix_wsqqjtze,2
dt_wsqqtvvh6,0.791,25.0811823,121.5487207,ix_wsqqtvuu,SE,ix_wsqqtvuu,3
dt_wsm9nf0bz,0.791,24.0931618,120.532342,ix_wsm9nf0b,NE,ix_wsm9nf0d,5
dt_wevxz5dqf,0.7909,22.476444,120.5451807,ix_wevxz5dq,SW,ix_wevxz5dq,3
dt_wsj8c5kke,0.7909,22.6504814,120.2843203,ix_wsj8c5kw,SW,ix_wsj8c5kw,2
dt_wsqqe1r51,0.7909,25.0562409,121.4305964,ix_wsqqe1rh,SW,ix_wsqqe1rh,1
dt_wsj948yu7,0.7908,22.6806592,120.3536594,ix_wsj948yu,SW,ix_wsj948yu,2
dt_wsqq7u3ef,0.7908,25.0289103,121.4560309,ix_wsqq7u3e,NW,ix_wsqq7u3e,3
dt_wsj8jnkb9,0.7908,22.5344343,120.4606725,ix_wsj8jnhx,NE,ix_wsj8jnhx,1
dt_wsj6zt7k1,0.7907,23.0129336,120.216948,ix_wsj6zt77,NW,ix_wsj6zt77,3
dt_wsj7nbxyn,0.7907,23.0311298,120.1903731,ix_wsj7nbxy,NE,ix_wsj7nbxy,2
dt_wsmc9ehkc,0.7906,24.187217,120.6577559,ix_wsmc9ehk,NW,ix_wsmc9ehk,2
dt_wsqjzp72e,0.7906,24.9569398,121.2497213,ix_wsqjzp72,SW,ix_wsqjzp72,2
dt_wsqqx0t38,0.7905,25.0518548,121.603904,ix_wsqqx0t0,NE,ix_wsqqx0t0,3
dt_wsjd45d4q,0.7903,22.871186,120.3252731,ix_wsjd45d4,SE,ix_wsjd45d4,3
dt_wsj6z18bp,0.7902,22.9916461,120.1917991,ix_wsj6z18b,SW,ix_wsj6z18b,3
dt_wsjx4wj36,0.7901,23.7636535,120.3515423,ix_wsjx4tvw,NW,ix_wsjx4tvw,3
dt_wsqnnbdy0,0.7901,24.9647172,121.2379115,ix_wsqnnbdy,SW,ix_wsqnnbdy,5
dt_wsj8x3u3d,0.7901,22.5977636,120.5589311,ix_wsj8x3u1,NE,ix_wsj8x3u1,1
dt_wsmc6h0yn,0.7898,24.1489879,120.6751199,ix_wsmc6h0y,SE,ix_wsmc6h0y,3
dt_wsj8d8w5k,0.7897,22.5912124,120.3526897,ix_wsj8d8w1,NW,ix_wsj8d8w1,3
dt_wsjwywhy1,0.7896,23.7205548,120.5265928,ix_wsjwywhw,SE,ix_wsjwywhw,2
dt_wsjxzxgrm,0.7894,23.9061501,120.5686681,ix_wsjxzxgx,SW,ix_wsjxzxgx,2
dt_wsqjyqvx9,0.7892,24.9553745,121.2197686,ix_wsqjyqvq,NE,ix_wsqjyqvq,3
dt_wsj6xvg00,0.7892,22.9710442,120.227526,ix_wsj6xvg5,SE,ix_wsj6xvg5,3
dt_wsqqs9m5r,0.7891,25.0562937,121.4940233,ix_wsqqs9m5,NE,ix_wsqqs9m5,3
dt_wsj6ru1w4,0.789,22.9185233,120.2255579,ix_wsj6ru1w,SW,ix_wsj6ru1w,2
dt_wsqqgbv4c,0.7889,25.0973839,121.460786,ix_wsqqgbv4,NW,ix_wsqqgbv4,2
dt_wsjd0m11c,0.7889,22.8793439,120.2468108,ix_wsjd0m0f,SE,ix_wsjd0m0f,2
dt_wsqeutkd4,0.7889,24.5946196,121.8446479,ix_wsqeutk9,NW,ix_wsqeutk9,2
dt_wsnqgh8be,0.7887,23.7113643,121.4220826,ix_wsnqgh8b,SE,ix_wsnqgh8b,1
dt_wsmurq08h,0.7887,24.6862806,120.9053995,ix_wsmurq08,SE,ix_wsmurq08,3
dt_wsmc33d69,0.7887,24.13465,120.6440265,ix_wsmc33d7,SE,ix_wsmc33d7,2
dt_wsj9nfffz,0.7886,22.6913873,120.5350924,ix_wsj9nffc,NE,ix_wsj9nffc,3
dt_wsqqmkkey,0.7886,25.028877,121.5262185,ix_wsqqmkkg,SW,ix_wsqqmkkg,3
dt_wevugzhdp,0.7886,21.967537,120.7572286,ix_wevugzhd,SE,ix_wevugzhd,4
dt_wsqjyey5t,0.7884,24.9382003,121.2316319,ix_wsqjyeyh,SW,ix_wsqjyeyh,1
dt_wsqr5tjkb,0.7882,25.1650379,121.4501177,ix_wsqr5tjd,NW,ix_wsqr5tjd,2
dt_wsjs0m6rq,0.7881,23.2332374,120.2487219,ix_wsjs0m6x,SW,ix_wsjs0m6x,3
dt_wsmf887xc,0.788,24.348415,120.6127982,ix_wsmf887y,NW,ix_wsmf887y,2
dt_wsmc6xp6b,0.7879,24.1649087,120.7057725,ix_wsmc6xp4,NE,ix_wsmc6xp4,4
dt_wsj8czkuk,0.7879,22.6724196,120.3180037,ix_wsj8czku,NE,ix_wsj8czku,2
dt_wsqnn8g2z,0.7879,24.9652233,121.227911,ix_wsqnn8g4,SE,ix_wsqnn8g4,2
dt_wsj6yfb7z,0.7878,22.999186,120.180089,ix_wsj6yfb7,NW,ix_wsj6yfb7,2
dt_wsqjyr6gp,0.7877,24.9573558,121.2162686,ix_wsqjyr6b,NE,ix_wsqjyr6b,2
dt_wsq2x16ns,0.7877,24.0021474,121.5996148,ix_wsq2x16n,NW,ix_wsq2x16n,2
dt_wsj9jc6e0,0.7876,22.683199,120.4905153,ix_wsj9jc6e,SW,ix_wsj9jc6e,2
dt_wsmc38ezh,0.7873,24.1299607,120.6572054,ix_wsmc38ez,SW,ix_wsmc38ez,3
dt_wsqquxx5d,0.7873,25.1345768,121.4965158,ix_wsqquxwg,SE,ix_wsqquxwg,2
dt_wsmc6g7fu,0.7872,24.1443326,120.7121458,ix_wsmc6g7g,SE,ix_wsmc6g7g,3
dt_wsjs3v359,0.7872,23.2765328,120.3126982,ix_wsjs3v2g,SE,ix_wsjs3v2g,2
dt_wsj918r1e,0.7871,22.677444,120.3100599,ix_wsj918r1,NE,ix_wsj918r1,3
dt_wsqqxcd8v,0.787,25.0572174,121.6332888,ix_wsqqxc6x,NW,ix_wsqqxc6x,3
dt_wsjxzx68p,0.787,23.9021679,120.5677106,ix_wsjxzx6b,SW,ix_wsjxzx6b,2
dt_wsjd8pv7y,0.7869,22.9826819,120.2418806,ix_wsjd8pv7,NE,ix_wsjd8pv7,3
dt_wsqqks7kd,0.7867,25.0290409,121.4913713,ix_wsqqks7m,SW,ix_wsqqks7m,2
dt_wsmcc3m6r,0.7866,24.2211291,120.6483833,ix_wsmcc3m7,SE,ix_wsmcc3m7,2
dt_wsm9zc7kp,0.7866,24.2214261,120.5797477,ix_wsm9zc77,NE,ix_wsm9zc77,2
dt_wsm9mf2uj,0.7865,24.1390263,120.4883305,ix_wsm9mf3n,SW,ix_wsm9mf3n,3
dt_wsjd2jtfr,0.7864,22.9261265,120.2426074,ix_wsjd2jts,SE,ix_wsjd2jts,3
dt_wsmf66ygc,0.7864,24.3175382,120.6941306,ix_wsmf66yu,SW,ix_wsmf66yu,3
dt_wsj6z0sqf,0.7864,22.9873402,120.1963707,ix_wsj6z0sr,SW,ix_wsj6z0sr,2
dt_wsmguqthu,0.7863,24.6019534,120.7797673,ix_wsmguqth,SE,ix_wsmguqth,2
dt_wsqjyrkxb,0.7862,24.9581779,121.2183439,ix_wsqjyrsb,SW,ix_wsqjyrsb,3
dt_wsmc47bdg,0.786,24.103128,120.6856422,ix_wsmc47b6,NE,ix_wsmc47b6,2
dt_wsqq7j001,0.786,25.0323548,121.4209596,ix_wsqq7hbp,NW,ix_wsqq7hbp,2
dt_wsqw86v6g,0.7859,25.064409,121.6589574,ix_wsqw86v7,SE,ix_wsqw86v7,3
dt_wsqje4g36,0.7858,24.8883819,121.0739004,ix_wsqje4g1,SE,ix_wsqje4g1,2
dt_wsmc6r8rh,0.7858,24.1684013,120.685341,ix_wsmc6r8r,SE,ix_wsmc6r8r,2
dt_wsj8dyege,0.7856,22.624201,120.3605326,ix_wsj8dyef,NW,ix_wsj8dyef,3
dt_wsqqse1te,0.7855,25.0662864,121.4890277,ix_wsqqse1t,SE,ix_wsqqse1t,1
dt_wsqqs0ehc,0.7853,25.052406,121.4690327,ix_wsqqs0ej,SE,ix_wsqqs0ej,3
dt_wsmuqqqdr,0.7851,24.6880419,120.869844,ix_wsmuqqqc,NW,ix_wsmuqqqc,2
dt_wsqqs0yg1,0.7851,25.0534698,121.474178,ix_wsqqs0yu,SE,ix_wsqqs0yu,1
dt_wsjx9kdes,0.785,23.843691,120.2929298,ix_wsjx9kde,SW,ix_wsjx9kde,2
dt_wsqqmzvkr,0.7849,25.0482151,121.5492902,ix_wsqqmzvs,NW,ix_wsqqmzvj,4
dt_wsj86jteh,0.7849,22.5746788,120.3299937,ix_wsj86jtd,NW,ix_wsj86jtd,1
dt_wsj8cnx4n,0.7849,22.6679116,120.2882186,ix_wsj8cnx3,NW,ix_wsj8cnx3,2
dt_wsqsgzq0j,0.7848,24.7810514,121.8138789,ix_wsqsgznp,NE,ix_wsqsgznp,3
dt_wsqqwm2me,0.7848,25.0786512,121.5642148,ix_wsqqwm2q,SW,ix_wsqqwm2q,2
dt_wsj932qyb,0.7845,22.7223002,120.2985885,ix_wsj932qw,NE,ix_wsj932qw,1
dt_wsj89udh3,0.7845,22.6133539,120.3140737,ix_wsj89udj,SW,ix_wsj89udj,1
dt_wsjehhg2p,0.7844,23.0534636,120.4149258,ix_wsjehhg8,SW,ix_wsjehhg8,2
dt_wsmfcpcvb,0.7843,24.4332493,120.6323276,ix_wsmfcpcv,NW,ix_wsmfcpcv,3
dt_wsjdny4rb,0.7843,22.8858729,120.5341092,ix_wsjdny60,SE,ix_wsjdny60,2
dt_wsj8tm4mb,0.7842,22.6163794,120.4681995,ix_wsj8tm4m,NW,ix_wsj8tm4m,2
dt_wsqq2kbkv,0.7841,25.0317991,121.3006182,ix_wsqq2kbk,NE,ix_wsqq2kbk,3
dt_wsqr5te4v,0.784,25.167419,121.4472159,ix_wsqr5te7,SW,ix_wsqr5te7,2
dt_wsqsh77sr,0.784,24.6279681,121.8325265,ix_wsqsh77s,SE,ix_wsqsh77s,2
dt_wsqqxhmrj,0.784,25.073401,121.6041138,ix_wsqqxhmr,SE,ix_wsqqxhmr,3
dt_wsqqqxxgg,0.784,25.0467339,121.5854906,ix_wsqqqz8n,SW,ix_wsqqqz8n,2
dt_wsjxzs69p,0.784,23.8858455,120.5677392,ix_wsjxzs4x,NE,ix_wsjxzs4x,2
dt_wsj6zp89j,0.7839,23.0247958,120.1913683,ix_wsj6zp8c,SW,ix_wsj6zp8c,3
dt_wsmcc972f,0.7839,24.2208627,120.65644,ix_wsmcc972,NE,ix_wsmcc972,2
dt_wsqqtb990,0.7837,25.0517844,121.543842,ix_wsqqtb99,SE,ix_wsqqtb9c,5
dt_wsqjypt3h,0.7837,24.9583815,121.2085716,ix_wsqjypte,SW,ix_wsqjypte,1
dt_wsjxhs2tz,0.7837,23.7548229,120.4331557,ix_wsjxhs2y,SW,ix_wsjxhs2s,3
dt_wsqqtnb7c,0.7836,25.086565,121.5092018,ix_wsqqtnbk,SW,ix_wsqqtnbk,2
dt_wsqqjqwkh,0.7833,24.9973373,121.5285311,ix_wsqqjqw7,NW,ix_wsqqjqw7,3
dt_wsqjttzz9,0.7833,24.9059579,121.1899219,ix_wsqjtwp8,SE,ix_wsqjtwp8,1
dt_wsqnnqsuy,0.7832,24.9974744,121.2189607,ix_wsqnnqth,SW,ix_wsqnnqth,2
dt_wsj8dr1dw,0.7831,22.6267815,120.3355999,ix_wsj8dr1g,SW,ix_wsj8dr1g,1
dt_wsm8h6mfr,0.783,23.9190178,120.4293557,ix_wsm8h6mf,SW,ix_wsm8h6mf,2
dt_wsj8d9h09,0.783,22.5934744,120.3497809,ix_wsj8d8gy,NE,ix_wsj8d8gy,1
dt_wsjebk391,0.7829,23.1827271,120.2474995,ix_wsjebk36,SE,ix_wsjebk36,1
dt_wsj6wuh63,0.7828,22.9618389,120.1853602,ix_wsj6wuh3,NW,ix_wsj6wuh3,3
dt_wsj9ps6q6,0.7827,22.7002226,120.5671491,ix_wsj9ps6r,SW,ix_wsj9ps6n,6
dt_wsj9rwmrb,0.7827,22.7554185,120.5711833,ix_wsj9rwmq,NW,ix_wsj9rwmq,3
dt_wsj89vwy8,0.7824,22.6192528,120.3205603,ix_wsj89vwy,NW,ix_wsj89vwy,3
dt_wsj8c1j16,0.7824,22.6375461,120.2853037,ix_wsj8c1j1,SW,ix_wsj8c1j1,3
dt_wsqmcrjfm,0.7821,24.9558581,121.3521206,ix_wsqmcrjf,SW,ix_wsqmcrjf,1
dt_wsqqtf7s6,0.7818,25.0619365,121.5466641,ix_wsqqtf7t,SW,ix_wsqqtf7t,2
dt_wsj8drcbw,0.7817,22.6305579,120.3359198,ix_wsj8drf1,SW,ix_wsj8drf1,1
dt_wsjs9sjrx,0.7817,23.3143036,120.3078433,ix_wsjs9sm2,SE,ix_wsjs9sm2,3
dt_wsjdbu2zc,0.7815,23.0081176,120.2684389,ix_wsjdbu88,SE,ix_wsjdbu88,2
dt_wsj6yuu4q,0.7814,23.0098848,120.1852181,ix_wsj6yuu6,SW,ix_wsj6yuu6,3
dt_wsj8d6wkf,0.7814,22.6024674,120.3419548,ix_wsj8d6wk,NW,ix_wsj8d6wk,2
dt_wsm8p9hxg,0.7814,23.9131033,120.570311,ix_wsm8p9k8,SW,ix_wsm8p9k8,3
dt_wsj87vryp,0.7814,22.5738162,120.4101474,ix_wsj87vrv,NE,ix_wsj87vrv,2
dt_wsqj03eqs,0.7813,24.794519,120.9531548,ix_wsqj03e7,NW,ix_wsqj03e7,3
dt_wsqj1xqmr,0.7812,24.825921,121.0123124,ix_wsqj1xqk,NW,ix_wsqj1xqk,2
dt_wsj7ztmz2,0.7811,23.1892752,120.2203342,ix_wsj7ztt9,SE,ix_wsj7ztt9,2
dt_wsqqw1z7k,0.7811,25.0590024,121.5628989,ix_wsqqw1z6,NE,ix_wsqqw1zt,3
dt_wsj6y3e25,0.781,22.9916412,120.1620778,ix_wsj6y3e2,SE,ix_wsj6y3e2,2
dt_wsj961t83,0.781,22.7280178,120.3298914,ix_wsj961t8,SW,ix_wsj961t8,3
dt_wsqnq24h1,0.781,25.0055829,121.2149686,ix_wsqnq245,NW,ix_wsqnq245,2
dt_wsj6xwnwd,0.7808,22.9735564,120.2214459,ix_wsj6xwnx,SE,ix_wsj6xwnx,2
dt_wsj89y42w,0.7806,22.6209768,120.3146394,ix_wsj89vfx,NW,ix_wsj89vfx,1
dt_wsj7jdvgy,0.7804,23.0431004,120.1326778,ix_wsj7jdyh,SW,ix_wsj7jdyh,2
dt_wsjs97yv7,0.7803,23.3125318,120.2987252,ix_wsjs97yv,NW,ix_wsjs97yv,2
dt_wsj8eqyvw,0.7802,22.625954,120.3867418,ix_wsj8eqyv,NE,ix_wsj8eqyv,1
dt_wsj9fpcge,0.7801,22.8508213,120.3248368,ix_wsj9fpcg,SW,ix_wsj9fpcg,3
dt_wsm8u9und,0.7801,24.0488216,120.4377388,ix_wsm8u9up,SE,ix_wsm8u9up,2
dt_wsqqmx1ww,0.78,25.0444621,121.5330934,ix_wsqqmx1w,NE,ix_wsqqmx1w,1
dt_wsqqvbcf1,0.78,25.0972628,121.5441982,ix_wsqqvbcc,NW,ix_wsqqvbcc,1
dt_wsjtsdryt,0.7799,23.4802976,120.4430136,ix_wsjtsf2n,SW,ix_wsjtsf2n,3
dt_wsj8ct61u,0.7795,22.660998,120.3032267,ix_wsj8ct64,SE,ix_wsj8ct64,4
dt_wsj8s3j8v,0.7795,22.5935385,120.4289241,ix_wsj8s3j8,NE,ix_wsj8s3j8,1
dt_wsj8cdfmw,0.7795,22.6479097,120.3036732,ix_wsj8cdf5,NE,ix_wsj8cdf5,3
dt_wsjtuxcm2,0.7795,23.5542548,120.4338631,ix_wsjtuxcq,SW,ix_wsjtuxcq,1
dt_wsmf511vh,0.7794,24.2641875,120.7203566,ix_wsmf513b,SE,ix_wsmf513b,2
dt_wsj8d8fn8,0.7794,22.5931543,120.3470169,ix_wsj8d91b,SE,ix_wsj8d91b,1
dt_wsqnsb3g2,0.7794,25.0507892,121.1486707,ix_wsqnsb3u,SW,ix_wsqnsb3u,2
dt_wsqmfh3p4,0.7791,24.9415762,121.3784498,ix_wsqmfh3q,NW,ix_wsqmfh3q,2
dt_wsmc63h0c,0.7791,24.1316117,120.6903873,ix_wsmc635c,SE,ix_wsmc635c,2
dt_wsjwv90x8,0.7791,23.6933436,120.4767969,ix_wsjwv90r,NE,ix_wsjwv90r,2
dt_wsj9qcqzr,0.779,22.727872,120.5405858,ix_wsj9qcqz,NE,ix_wsj9qcqz,2
dt_wsj8cffev-2,0.779,22.6475944,120.3149658,ix_wsj8cff8,NE,ix_wsj8cff8,3
dt_wsj96t1eh,0.7789,22.7477373,120.3465086,ix_wsj96t1d,NE,ix_wsj96t1d,3
dt_wsmc63np6,0.7788,24.1327314,120.6931608,ix_wsmc63np,NE,ix_wsmc63np,2
dt_wsqqt9ur3,0.7788,25.0597238,121.5366738,ix_wsqqt9uw,NW,ix_wsqqt9uw,2
dt_wsm8kzmkb,0.7787,23.9908471,120.4503622,ix_wsm8kzm4,NE,ix_wsm8kzm4,1
dt_wsm9p4yfb,0.7787,24.097629,120.5512779,ix_wsm9p4yf,NW,ix_wsm9p4yf,1
dt_wsmbfpqn9,0.7787,24.0790337,120.6821274,ix_wsmbfpqp,SW,ix_wsmbfpqp,1
dt_wsqj1h8wd,0.7786,24.8110133,120.982245,ix_wsqj1h8x,SW,ix_wsqj1h8x,1
dt_wsm9p05vb,0.7786,24.0830326,120.5471717,ix_wsm9p05v,NW,ix_wsm9p05v,2
dt_wsqqtdrre,0.7785,25.0625002,121.5408741,ix_wsqqtdrr,SW,ix_wsqqtdrr,3
dt_wsm9zdj7z,0.7781,24.2255227,120.5714781,ix_wsm9zdjk,SE,ix_wsm9zdjk,3
dt_wsqq7e84j,0.7778,25.0244602,121.4430969,ix_wsqq7e83,NW,ix_wsqq7e83,3
dt_wsqjzgsch,0.7778,24.9364101,121.284794,ix_wsqjzgkz,NW,ix_wsqjzgkz,1
dt_wsqjuwqn8,0.7777,24.9524753,121.1435088,ix_wsqjuwmz,SE,ix_wsqjuwmz,2
dt_wsqqmev32,0.7777,25.0257088,121.5379923,ix_wsqqmev0,NE,ix_wsqqmev0,2
dt_wsm9xc2t9,0.7777,24.1777432,120.5756942,ix_wsm9xc2s,NW,ix_wsm9xc2s,2
dt_wsj8c33zn,0.7776,22.6399213,120.291983,ix_wsj8c36j,NW,ix_wsj8c33w,5
dt_wsq2qzsru,0.7775,23.9927402,121.5917413,ix_wsq2qzu2,SE,ix_wsq2qzu2,2
dt_wsqqwe01r,0.7775,25.0655463,121.5750476,ix_wsqqwe06,SW,ix_wsqqwe06,2
dt_wsj8cckxm,0.7774,22.6399886,120.3177048,ix_wsj8ccs8,SE,ix_wsj8ccs8,2
dt_wsqq9bdj1,0.7773,25.0524361,121.368788,ix_wsqq9b9u,NE,ix_wsqq9b9u,3
dt_wsqqwd0g3,0.7773,25.0603913,121.5758016,ix_wsqqwd0t,SE,ix_wsqqwd0t,1
dt_wsmc66gps,0.7772,24.1423722,120.6891077,ix_wsmc6756,SW,ix_wsmc6756,1
dt_wsj6yfdyn,0.7771,22.9981827,120.1834792,ix_wsj6yfdy,SW,ix_wsj6yfdy,1
dt_wsqnr9m5x,0.777,25.012384,121.2742703,ix_wsqnr9m7,NW,ix_wsqnr9m7,1
dt_wsm8rdn2n,0.7769,23.9612006,120.5728299,ix_wsm8r9yq,NE,ix_wsm8rdn7,3
dt_wsj8c880h,0.7768,22.6346192,120.3004759,ix_wsj8c880,SE,ix_wsj8c880,1
dt_wsj6zux43,0.7768,23.0085283,120.2330589,ix_wsj6zux1,NW,ix_wsj6zux1,1
dt_wsqqwt00d,0.7767,25.0764072,121.5748012,ix_wsqqwt00,NW,ix_wsqqwt00,2
dt_wsjd8de7h,0.7767,22.9537199,120.2609935,ix_wsjd8de6,NE,ix_wsjd8de6,3
dt_wsmc3mh0y,0.7766,24.1535837,120.646638,ix_wsmc3mh2,SW,ix_wsmc3mh2,2
dt_wsj6wgzjy,0.7766,22.9610663,120.1893196,ix_wsj6wgzn,SE,ix_wsj6wgzn,2
dt_wsqqmzc2p,0.7766,25.0474846,121.5437769,ix_wsqqmzc2,NE,ix_wsqqmz9x,6
dt_wsqqjspb1,0.7766,24.9829375,121.5414898,ix_wsqqjezx,NE,ix_wsqqjgbp,2
dt_wsj8dzt6s,0.7765,22.6295394,120.3626193,ix_wsj8dzt6,NW,ix_wsj8dzt6,1
dt_wsqqk0m45,0.7765,25.0066044,121.4718501,ix_wsqqk0m1,NE,ix_wsqqk0m1,3
dt_wsj8ym40s,0.7764,22.6593887,120.5119896,ix_wsj8ym40,SW,ix_wsj8ym40,3
dt_wsjttsen1,0.7764,23.4925737,120.4802373,ix_wsjttsg0,SW,ix_wsjttsg0,1
dt_wsmc3bj74,0.7762,24.1264917,120.6701428,ix_wsmc3bj4,NE,ix_wsmc3bj4,2
dt_wsj9p3xjz,0.7762,22.6850275,120.562893,ix_wsj9p3xj,NE,ix_wsj9p3xj,2
dt_wsj7x334q,0.776,23.1225149,120.2030544,ix_wsj7x336,NW,ix_wsj7x336,1
dt_wsmcvwfjf,0.776,24.2519334,120.8304732,ix_wsmcvwcu,NE,ix_wsmcvwcu,1
dt_wsjt3wrb7,0.7759,23.4572502,120.3110775,ix_wsjt3wrc,SE,ix_wsjt3wrc,3
dt_wsjd3jcbj,0.7758,22.9271128,120.2809725,ix_wsjd3jcb,SE,ix_wsjd3jcb,2
dt_wsjd87yn2,0.7757,22.9611629,120.2536168,ix_wsjd87yn,SW,ix_wsjd87yn,2
dt_wsjxh1qck,0.7757,23.7375854,120.4196202,ix_wsjxh1qf,SW,ix_wsjxh1qf,3
dt_wsj6z8zdt,0.7757,22.9879828,120.2229236,ix_wsj6z8zf,NW,ix_wsj6z8zf,2
dt_wsqjw1rm0,0.7757,24.8808054,121.2111581,ix_wsqjw1rd,NW,ix_wsqjw1rd,1
dt_wsqq7bg48,0.7756,25.0094675,121.4579945,ix_wsqq7bff,SE,ix_wsqq7bff,2
dt_wsqq9vjx6,0.7756,25.0775403,121.3736071,ix_wsqq9vjx,NE,ix_wsqq9vjx,3
dt_wsj9bh8nx,0.7756,22.8334774,120.2347014,ix_wsj9bh8p,SE,ix_wsj9bh8p,2
dt_wsj89wd30,0.7755,22.6237931,120.303411,ix_wsj89wd1,SE,ix_wsj89wd1,2
dt_wsqqqmrb4,0.7753,25.0337274,121.5744904,ix_wsqqqmpz,NW,ix_wsqqqmpz,2
dt_wsqshqtnn,0.7752,24.6461195,121.8345425,ix_wsqshqth,NE,ix_wsqshqth,2
dt_wsj6z6j61,0.775,22.9947643,120.2087054,ix_wsj6z6j4,NE,ix_wsj6z6j4,1
dt_wsmuxdq0h,0.775,24.7096277,120.9239654,ix_wsmuxdq0,SW,ix_wsmuxdq0,3
dt_wsqqv7hq2,0.775,25.1103461,121.5256371,ix_wsqqv7hn,SE,ix_wsqqv7hn,3
dt_wsjwuegcg,0.775,23.7074299,120.4374453,ix_wsjwuegu,SE,ix_wsjwuegu,3
dt_wsqnpyz4j,0.7748,24.9983925,121.2879174,ix_wsqnpyz6,SW,ix_wsqnpyz6,2
dt_wsj858dg6,0.7748,22.503322,120.3920461,ix_wsj858dg,SE,ix_wsj858dg,2
dt_wsj7rr3wu,0.7747,23.112288,120.2036543,ix_wsj7rr3w,NW,ix_wsj7rr3w,2
dt_wsjtkqb75,0.7747,23.4604739,120.4216316,ix_wsjtkqb6,NE,ix_wsjtkqbt,6
dt_wsm9m0k75,0.7747,24.1278795,120.4600851,ix_wsm9m0k7,SW,ix_wsm9m0k7,3
dt_wsqqssdvf,0.7747,25.074543,121.4906812,ix_wsqqssdt,NE,ix_wsqqssdt,2
dt_wsqqnp1rg,0.7745,25.0007289,121.5545838,ix_wsqqnp32,SE,ix_wsqqnp32,1
dt_wsjsfvshz,0.7745,23.3660077,120.3610518,ix_wsjsfvsk,NW,ix_wsjsfvsk,1
dt_wsqqqhe9j,0.7744,25.0297813,121.5577776,ix_wsqqqhe9,SE,ix_wsqqqhe9,1
dt_wsjtt0t4h,0.7743,23.469927,120.4611802,ix_wsjtt0t4,SE,ix_wsjtt0t4,3
dt_wsjx3j1wy,0.7743,23.803075,120.2806609,ix_wsjx3j1x,SE,ix_wsjx3j1x,2
dt_wsqqmhhjx,0.7741,25.0278212,121.5146103,ix_wsqqmhhh,NE,ix_wsqqmhhh,2
dt_wsj8vy377,0.774,22.6667642,120.4889386,ix_wsj8vy37,NE,ix_wsj8vy37,2
dt_wsj6ruryq,0.774,22.9199492,120.2343011,ix_wsj6rurv,NE,ix_wsj6rurv,3
dt_wsmc4pt6d,0.7738,24.1236991,120.6811404,ix_wsmc4ptk,SE,ix_wsmc4ptk,2
dt_wsj6zgc4y,0.7738,23.0044712,120.2250349,ix_wsj6zgc5,SE,ix_wsj6zgc5,2
dt_wsj6zv418,0.7737,23.0111291,120.2261653,ix_wsj6zv1c,SE,ix_wsj6zv1c,2
dt_wsm8gx5hv,0.7736,24.0773638,120.3925469,ix_wsm8gx57,NW,ix_wsm8gx57,1
dt_wsj8dnen9,0.7735,22.6247518,120.3264532,ix_wsj8dnep,SW,ix_wsj8dnep,3
dt_wsjd3hr8q,0.7735,22.918939,120.2889197,ix_wsjd3hrb,NW,ix_wsjd3hrb,1
dt_wsmc92k2p,0.7731,24.1713323,120.647012,ix_wsmc92k6,SW,ix_wsmc92hp,2
dt_wsj8vy9xk,0.7727,22.6688112,120.4893134,ix_wsj8vy9t,NW,ix_wsj8vy9t,3
dt_wsmc3mh3j,0.7725,24.1536545,120.6469534,ix_wsmc3mh2,NE,ix_wsmc3mh2,3
dt_wsqhctpyt,0.7725,24.7698055,121.0142824,ix_wsqhctpy,SE,ix_wsqhctpy,2
dt_wsmbf7y0u,0.7724,24.0588275,120.693266,ix_wsmbf7ty,NE,ix_wsmbf7ty,1
dt_wsj8d2569,0.7723,22.5883492,120.3377735,ix_wsj8d255,SE,ix_wsj8d255,1
dt_wsm9mm07c,0.7723,24.1541015,120.4654742,ix_wsm9mm0k,SW,ix_wsm9mm0k,2
dt_wsmc9bzbr,0.7723,24.174105,120.6738172,ix_wsmcd08p,NW,ix_wsmcd08p,3
dt_wsj940c7x,0.7723,22.6805089,120.3242895,ix_wsj940ct,SW,ix_wsj940ct,2
dt_wsjs9e0jh,0.7722,23.3083872,120.3005063,ix_wsjs97pg,NE,ix_wsjs97pg,1
dt_wsmc4fjn8,0.7721,24.0941527,120.713654,ix_wsmc4fjp,SW,ix_wsmc4fjp,3
dt_wsqjqkuj0,0.7721,24.856067,121.2176693,ix_wsqjqkuh,NW,ix_wsqjqkuh,2
dt_wsm9xpjcc,0.7721,24.2087016,120.5499455,ix_wsm9xpjd,SE,ix_wsm9xpjd,2
dt_wsj6qgm92,0.7721,22.9136155,120.1870299,ix_wsj6qgm8,NW,ix_wsj6qgm8,2
dt_wsqqgvydn,0.772,25.1247277,121.4630744,ix_wsqqgvy9,NE,ix_wsqqgvy9,2
dt_wsmc66e62,0.7719,24.1401199,120.6893117,ix_wsmc66e4,NE,ix_wsmc66e4,3
dt_wsm9mjqcm,0.7719,24.1550536,120.4636273,ix_wsm9mjqc,NW,ix_wsm9mjqc,3
dt_wsj8mwqkb,0.7719,22.5791013,120.4846637,ix_wsj8mwqh,NE,ix_wsj8mwqh,2
dt_wsjs9y5en,0.7718,23.3245273,120.3163577,ix_wsjs9y5d,NE,ix_wsjs9y5d,2
dt_wsqn6epup,0.7717,25.0220651,121.0583272,ix_wsqn6g05,NW,ix_wsqn6g05,3
dt_wsj6z8kw0,0.7716,22.9858121,120.2186248,ix_wsj6z8kw,SE,ix_wsj6z8kw,3
dt_wsj87det3,0.7716,22.558614,120.3930548,ix_wsj87dew,SW,ix_wsj87dew,2
dt_wsj8cx7h0,0.7716,22.6723669,120.3044335,ix_wsj8cx7h,SW,ix_wsj8cx7h,1
dt_wsj987hb6,0.7714,22.7802356,120.2519991,ix_wsj987hc,SW,ix_wsj987hc,2
dt_wsj8vg8vg,0.7712,22.6520579,120.4882252,ix_wsj8vg8v,NW,ix_wsj8vg8v,3
dt_wsmurjnez,0.7711,24.6814404,120.9028095,ix_wsmurjnd,NE,ix_wsmurjnd,3
dt_wsqqsnuvd,0.7709,25.0868554,121.471488,ix_wsqqsnuv,SW,ix_wsqqsnuv,1
dt_wsqqx28vp,0.7709,25.0524608,121.6090325,ix_wsqqx29h,NW,ix_wsqqx29h,3
dt_wsj6xpdmq,0.7709,22.9815938,120.1938051,ix_wsj6xpds,NW,ix_wsj6xpds,3
dt_wsmc35d18,0.7707,24.1455006,120.6326375,ix_wsmc359c,NE,ix_wsmc359c,2
dt_wsqqw437k,0.7706,25.0617653,121.5546561,ix_wsqqw43k,SE,ix_wsqqw43k,1
dt_wsqtk5k8y,0.7703,24.8471027,121.8228573,ix_wsqtk5k9,SW,ix_wsqtk5k9,2
dt_wsqs3j57b,0.7702,24.6814339,121.6890517,ix_wsqs3j55,SE,ix_wsqs3j55,1
dt_wsmc9e57r,0.7701,24.1869883,120.6566248,ix_wsmc9e5k,SW,ix_wsmc9e5k,2
dt_wsj86kemk,0.77,22.5695917,120.3379193,ix_wsj86kem,SE,ix_wsj86kem,1
dt_wsmc6xzkz,0.7699,24.1693901,120.706071,ix_wsmc6xzm,SE,ix_wsmc6xzm,2
dt_wsjxmhphd,0.7698,23.7971956,120.4638006,ix_wsjxmhph,NW,ix_wsjxmhph,2
dt_wsj6xpr3q,0.7697,22.9795229,120.2006721,ix_wsj6xpr6,SE,ix_wsj6xpr6,3
dt_wsj6z09nj,0.7697,22.9871787,120.1920321,ix_wsj6z09j,NE,ix_wsj6z09j,2
dt_wsqqxnjw9,0.7694,25.0829384,121.6042998,ix_wsqqxnjx,SW,ix_wsqqxnjx,3
dt_wsjt3w98n,0.7693,23.4585995,120.302638,ix_wsjt3w99,SE,ix_wsjt3w99,3
dt_wsm9nbch8,0.7692,24.0869431,120.5323913,ix_wsm9nbch,NW,ix_wsm9nbch,3
dt_wsqqtmekn,0.7691,25.0797365,121.5245294,ix_wsqqtme7,NE,ix_wsqqtmej,5
dt_wsmcgnbsz,0.769,24.2517942,120.7188003,ix_wsmcgnbu,NW,ix_wsmcgnbu,2
dt_wsqr5u0u8,0.7686,25.1594712,121.454902,ix_wsqr5u0u,NW,ix_wsqr5u0u,5
dt_wsj7ptbgp,0.7686,23.0594832,120.2137551,ix_wsj7ptc5,SW,ix_wsj7ptc5,3
dt_wsqw86bgn,0.7685,25.0644694,121.6529395,ix_wsqw86bg,SE,ix_wsqw86bg,3
dt_wsqq7bydq,0.7685,25.0094058,121.4630772,ix_wsqq7byf,NW,ix_wsqq7byf,2
dt_wsmc2u6t8,0.7684,24.1502684,120.6223424,ix_wsmc2u6m,NE,ix_wsmc2u6m,1
dt_wsmuqvjqc,0.7683,24.6819662,120.8898469,ix_wsmuqvm4,SE,ix_wsmuqvm4,2
dt_wsjxys71e,0.7682,23.8859338,120.5242839,ix_wsjxys71,NE,ix_wsjxys71,1
dt_wsj6ye508,0.7681,22.9999648,120.1726131,ix_wsj6ye51,SE,ix_wsj6ye51,3
dt_wsqqg84ym,0.7681,25.0938879,121.4469019,ix_wsqqg870,SW,ix_wsqqg870,3
dt_wsmc6wjgy,0.7679,24.1595895,120.7039622,ix_wsmc6wjg,NE,ix_wsmc6wjg,2
dt_wsjx3n4mj,0.7679,23.8082511,120.2816445,ix_wsjx3n4s,NW,ix_wsjx3n4s,3
dt_wsjwtzt42,0.7677,23.6842009,120.4939291,ix_wsjwtzt1,NW,ix_wsjwtzt1,3
dt_wsm9zpbb4,0.7676,24.2564799,120.5431217,ix_wsm9zp8z,NW,ix_wsm9zp8z,2
dt_wsj6zp8wx,0.7675,23.0257284,120.1914221,ix_wsj6zp8w,SE,ix_wsj6zp8w,3
dt_wsj8cbq6v,0.7675,22.633718,120.3200943,ix_wsj8cbq7,SE,ix_wsj8cbq7,2
dt_wsmvpwns5,0.7675,24.818832,120.9246093,ix_wsmvpwnk,NE,ix_wsmvpwnk,2
dt_wsqqjg9c1,0.7674,24.9803466,121.5442124,ix_wsqqjg9c,SW,ix_wsqqjg9c,1
dt_wsj6xwnte,0.7673,22.9733834,120.2214882,ix_wsj6xwnx,SE,ix_wsj6xwnx,2
dt_wsjxv559p,0.7673,23.8789867,120.45922,ix_wsjxv55k,SE,ix_wsjxv55k,1
dt_wsm8vdn8c,0.7672,24.0492226,120.4850615,ix_wsm8vdn9,SW,ix_wsm8vdn9,2
dt_wsjtsu9py,0.767,23.4928583,120.4447545,ix_wsjtsuc4,SE,ix_wsjtsuc4,1
dt_wsm8yrqvs,0.767,24.0788687,120.5184952,ix_wsm8yrqv,SW,ix_wsm8yrqv,3
dt_wsmce3318,0.7669,24.177081,120.7301718,ix_wsmce334,SW,ix_wsmce334,1
dt_wsjxzx6cj,0.7669,23.9023269,120.5679607,ix_wsjxzx6b,NE,ix_wsjxzx6b,3
dt_wsjd86hsg,0.7669,22.9512692,120.2516964,ix_wsjd86hs,NE,ix_wsjd86hs,1
dt_wsm9qh5nb,0.7668,24.1491209,120.5021928,ix_wsm9qh5p,SW,ix_wsm9qh5p,3
dt_wsqsf8k7h,0.7667,24.7431199,121.7565039,ix_wsqsf8kk,SE,ix_wsqsf8kk,1
dt_wsjqn4pgj,0.7667,23.5661973,120.1573549,ix_wsjqn4pv,SE,ix_wsjqn60n,6
dt_wsqqmrg30,0.7667,25.0476425,121.5242519,ix_wsqqmrg4,SE,ix_wsqqmrg4,2
dt_wsm9yyq8y,0.7666,24.2483359,120.5401985,ix_wsm9yyq9,SW,ix_wsm9yyq9,2
dt_wsjd3hg9s,0.7666,22.9218799,120.2833364,ix_wsjd3hg2,NE,ix_wsjd3hg2,1
dt_wsqqnhbv8,0.7665,24.9879791,121.5537974,ix_wsqqnhby,SE,ix_wsqqnhby,2
dt_wsj6qyhbb,0.7662,22.928629,120.185995,ix_wsj6qyhc,SW,ix_wsj6qyhc,1
dt_wsmc3y3pu,0.7661,24.1616412,120.6644271,ix_wsmc3y3m,NW,ix_wsmc3y3m,3
dt_wsqs6zq17,0.7661,24.6933759,121.7698558,ix_wsqs6zmc,SE,ix_wsqs6zmc,3
dt_wsj86sdvb,0.7661,22.5696787,120.3480558,ix_wsj86sdu,NW,ix_wsj86sdu,3
dt_wsjs0wfss,0.7661,23.241001,120.2599571,ix_wsjs0wft,SE,ix_wsjs0wft,2
dt_wsqqksvuj,0.7661,25.031678,121.4949703,ix_wsqqksvu,SE,ix_wsqqksvu,1
dt_wsqq0j3yx,0.7661,24.9909204,121.2917797,ix_wsqq0j3z,SE,ix_wsqq0j3z,2
dt_wsj9j9751,0.7659,22.6831696,120.4802408,ix_wsj9j974,NE,ix_wsj9j974,3
dt_wsj6z7c73,0.7658,23.0045679,120.2032074,ix_wsj6z7cq,SW,ix_wsj6z7cq,3
dt_wsqqw080c,0.7658,25.0517304,121.5528039,ix_wsqqw080,NW,ix_wsqqw080,8
dt_wsqqtb0wz,0.7658,25.049991,121.5427561,ix_wsqqtb0q,NE,ix_wsqqtb0q,1
dt_wsje3jsrb,0.7657,23.1028583,120.2841668,ix_wsje3ju0,SE,ix_wsje3ju0,1
dt_wsqqsx77w,0.7657,25.0892842,121.4915444,ix_wsqqsx76,NE,ix_wsqqsx76,3
dt_wsq2x6pwn,0.7657,24.0061653,121.6182326,ix_wsq2x6py,SW,ix_wsq2x6py,3
dt_wsjwyzgp5,0.7657,23.730328,120.535296,ix_wsjwyzgj,NW,ix_wsjwyzgj,3
dt_wsqqm8tdb,0.7656,25.0081347,121.5383321,ix_wsqqm8t3,NE,ix_wsqqm8t3,3
dt_wsmgv6v9x,0.7656,24.58081,120.8245248,ix_wsmgv6vc,NW,ix_wsmgv6vc,2
dt_wsjt51yb9,0.7653,23.3886375,120.3755382,ix_wsjt51y8,SE,ix_wsjt51y8,2
dt_wsm8m9pdc,0.7652,23.956188,120.4864181,ix_wsm8m9pe,SE,ix_wsm8m9pe,3
dt_wsmc1wmj9,0.7651,24.1173127,120.6588008,ix_wsmc1wmh,NW,ix_wsmc1wmh,3
dt_wsqqmfzfp,0.765,25.0203352,121.5527096,ix_wsqqmfzf,SE,ix_wsqqmfzf,3
dt_wsqqmzt0f,0.765,25.0462227,121.5487082,ix_wsqqmzt0,NW,ix_wsqqmzt0,1
dt_wsjdm8fc9,0.7649,22.899915,120.4799188,ix_wsjdm8fb,NE,ix_wsjdm8fb,2
dt_wsm9yksy4,0.7649,24.2396383,120.5156632,ix_wsm9yksx,SE,ix_wsm9yksx,2
dt_wsjwnrxpx,0.7646,23.5971881,120.5189891,ix_wsjwnrxp,SE,ix_wsjwnrxp,2
dt_wsjd2r9ze,0.7645,22.9380033,120.2479119,ix_wsjd2r9y,NW,ix_wsjd2r9y,3
dt_wsjtuegte,0.7645,23.5322925,120.4370943,ix_wsjtuegm,NE,ix_wsjtuegm,1
dt_wsjd86ht0,0.7645,22.9513024,120.2515474,ix_wsjd86hs,NW,ix_wsjd86hs,3
dt_wsqq1qbdg,0.7644,24.9985053,121.3448401,ix_wsqq1qbd,NW,ix_wsqq1qbd,3
dt_wsj91bt8p,0.7644,22.6785376,120.3191661,ix_wsj91bmx,NE,ix_wsj91bt3,4
dt_wsje10cfu,0.7643,23.0319761,120.2808962,ix_wsje10cf,NW,ix_wsje10cf,2
dt_wsqjwwjeu,0.7643,24.9066588,121.2309054,ix_wsqjwwje,NE,ix_wsqjwwje,3
dt_wsqqsf2j7,0.7642,25.06212,121.4979466,ix_wsqqsf2j,SE,ix_wsqqsf2j,3
dt_wsmbde2nc,0.7642,24.0131796,120.6958651,ix_wsmbd7ry,NE,ix_wsmbd7ry,4
dt_wsjxyztdk,0.7641,23.9039011,120.5387406,ix_wsjxyztd,SE,ix_wsjxyztd,3
dt_wsjs80jxb,0.7641,23.2923755,120.2419478,ix_wsjs80jx,NW,ix_wsjs80jx,2
dt_wsqqw098y,0.7639,25.0517387,121.5550936,ix_wsqqw098,NE,ix_wsqqw098,2
dt_wsj91x870,0.7638,22.7175366,120.3006689,ix_wsj91x84,NE,ix_wsj91x84,3
dt_wsjt2tkj2,0.7637,23.4526069,120.2618594,ix_wsjt2tkj,NW,ix_wsjt2tkj,2
dt_wsj8g2w8c,0.7637,22.6347267,120.3862072,ix_wsj8g2w2,NE,ix_wsj8g2w2,2
dt_wsj89t62b,0.7636,22.6168685,120.3033918,ix_wsj89t65,SE,ix_wsj89t65,2
dt_wsmcd52x2,0.7636,24.1890368,120.6745333,ix_wsmcd52q,NE,ix_wsmcd52q,1
dt_wsj6zqeq6,0.7636,23.0201815,120.2060025,ix_wsj6zqeq,SW,ix_wsj6zqeq,2
dt_wsj8qc5zu,0.7636,22.5507782,120.5363621,ix_wsj8qck4,SW,ix_wsj8qck4,2
dt_wsjtsgxc0,0.7635,23.4862042,120.4537929,ix_wsjtsgx8,NE,ix_wsjtsgx8,2
dt_wsj8fk8em,0.7634,22.6571216,120.3341879,ix_wsj8fk8e,SW,ix_wsj8fk8e,3
dt_wsqqtk841,0.7634,25.0739227,121.519844,ix_wsqqthxf,SE,ix_wsqqthxf,2
dt_wsqq5t77z,0.7633,24.9904375,121.4476419,ix_wsqq5t7s,SW,ix_wsqq5t7s,2
dt_wsje2hbbp,0.7632,23.0973981,120.2357259,ix_wsje2hc0,SW,ix_wsje2hc0,1
dt_wsj7nkq56,0.7632,23.0512789,120.1658006,ix_wsj7nkq5,SW,ix_wsj7nkq5,2
dt_wsj89utp3,0.7628,22.6138639,120.3181968,ix_wsj89uub,SE,ix_wsj89uub,2
dt_wsqq0x738,0.7627,25.001056,121.3155381,ix_wsqq0x74,SE,ix_wsqq0x74,2
dt_wsj96hvvw,0.7626,22.7467774,120.3304362,ix_wsj96hvg,NW,ix_wsj96hvg,2
dt_wsj86nsej,0.7626,22.5802074,120.3286731,ix_wsj86nse,SW,ix_wsj86nse,3
dt_wsjn13e4b,0.7626,23.5634348,119.5903424,ix_wsjn13e4,NW,ix_wsjn13e4,2
dt_wsmdp33nb,0.7625,24.2658486,120.5543716,ix_wsmdp33q,NW,ix_wsmdp33q,1
dt_wsqqqneeb,0.7624,25.0412437,121.5575469,ix_wsqqqnes,SW,ix_wsqqqnes,2
dt_wsqq7q0t9,0.7622,25.0388021,121.4326159,ix_wsqq7q07,NE,ix_wsqq7q07,3
dt_wsjsfvsnk,0.7621,23.3662503,120.3609314,ix_wsjsfvsk,NW,ix_wsjsfvsk,2
dt_wsm9kswye,0.7621,24.1518152,120.4415581,ix_wsm9kswv,NW,ix_wsm9kswv,1
dt_wsmc914vq,0.762,24.1763173,120.6339541,ix_wsmc915j,NW,ix_wsmc915j,2
dt_wsqt4g4yx,0.762,24.8027935,121.7655604,ix_wsqt4g4s,NE,ix_wsqt4g4s,2
dt_wsqjxu0jb,0.762,24.8960365,121.2780832,ix_wsqjxspy,SE,ix_wsqjxspy,2
dt_wsmuqzqnu,0.7618,24.6943189,120.8909826,ix_wsmuqzqn,NW,ix_wsmuqzqn,2
dt_wsj8nz8zh,0.7618,22.5424143,120.5322098,ix_wsj8nz8z,SE,ix_wsj8nz8z,3
dt_wsjdbeybq,0.7618,23.0040454,120.265897,ix_wsjdbez0,NW,ix_wsjdbez0,3
dt_wsqqwcxp0,0.7618,25.0582758,121.5953243,ix_wsqqwcxr,SW,ix_wsqqwcxr,3
dt_wsjwyfh4u,0.7617,23.698022,120.5366946,ix_wsjwyfhk,SW,ix_wsjwyfhk,2
dt_wsj6xtjrt,0.7617,22.9682282,120.2198445,ix_wsj6xtjr,NW,ix_wsj6xtjr,2
dt_wsjd9e718,0.7616,22.9575877,120.3044501,ix_wsjd9e77,SW,ix_wsjd9e77,1
dt_wsqj08uet,0.7614,24.7898996,120.9658672,ix_wsqj08uk,SE,ix_wsqj08uk,2
dt_wsmujfzbr,0.7613,24.62454,120.8495886,ix_wsmujfzb,SE,ix_wsmujfzb,3
dt_wsje0nk06,0.7612,23.061748,120.2399596,ix_wsje0nk1,SW,ix_wsje0nk1,2
dt_wsm8x5qwg,0.7612,24.0131579,120.5510791,ix_wsm8x5qw,SW,ix_wsm8x5qw,2
dt_wsmg5utx5,0.7609,24.4595267,120.7584566,ix_wsmg5uv8,SW,ix_wsmg5uv8,1
dt_wsm9zpnk4,0.7608,24.2530247,120.5506809,ix_wsm9zpnk,SW,ix_wsm9zpnk,1
dt_wsqx40zsw,0.7608,25.1416152,121.7391087,ix_wsqx40ze,NE,ix_wsqx40ze,1
dt_wsnqgqcfp,0.7607,23.7239756,121.4345985,ix_wsnqgqcu,SE,ix_wsnqgqcu,3
dt_wsj7pw93h,0.7607,23.0632373,120.214321,ix_wsj7pw92,NE,ix_wsj7pw92,3
dt_wsj94t2zd,0.7606,22.705939,120.3453847,ix_wsj94t2y,NW,ix_wsj94t2y,1
dt_wsqhfr9u9,0.7605,24.783196,121.0388592,ix_wsqhfr9t,SE,ix_wsqhfrd1,5
dt_wsmgv96r3,0.7605,24.573553,120.8307752,ix_wsmgv9d2,SW,ix_wsmgv9d2,1
dt_wsmc8fhqy,0.7604,24.1820974,120.6249967,ix_wsmc8fhq,NE,ix_wsmc8fhq,1
dt_wsq2rnhzu,0.7604,23.9845231,121.6034104,ix_wsq2rnkb,SW,ix_wsq2rnkb,3
dt_wsj91pw48,0.7603,22.7174171,120.2865845,ix_wsj91pw4,NE,ix_wsj91pw4,3
dt_wsj8f2vsd,0.7602,22.6367446,120.3409066,ix_wsj8f2vm,SE,ix_wsj8f2vm,3
dt_wsj8ge62j,0.7601,22.6497021,120.3914933,ix_wsj8ge68,SW,ix_wsj8ge68,3
dt_wsqqwu4gs,0.7601,25.0714387,121.5896755,ix_wsqqwu4v,SW,ix_wsqqwu4v,2
dt_wsqnpm0mm,0.76,24.9893442,121.2566998,ix_wsqnpm0k,NW,ix_wsqnpm0k,3
dt_wsj8envd5,0.7599,22.6253527,120.3738934,ix_wsj8enve,SE,ix_wsj8enve,1
dt_wsj8dtcg9,0.7599,22.6200883,120.3467206,ix_wsj8dtfh,SW,ix_wsj8dtfh,1
dt_wsjd9j1z7,0.7598,22.9681873,120.2808866,ix_wsjd9j1z,SW,ix_wsjd9j1z,3
dt_wsmcc6c1k,0.7598,24.2292094,120.6424282,ix_wsmcc6c0,NE,ix_wsmcc6c0,1
dt_wsj8dx78k,0.7598,22.62776,120.3492438,ix_wsj8dx78,SE,ix_wsj8dx78,2
dt_wsm8r5s2p,0.7596,23.9694391,120.5481661,ix_wsm8r5s8,SW,ix_wsm8r5s8,1
dt_wsqmcgbx7,0.7596,24.9388775,121.3668228,ix_wsqmcu08,SW,ix_wsqmcu08,1
dt_wsqt4bb4b,0.7596,24.7897711,121.7614925,ix_wsqt4bb6,NW,ix_wsqt4bb6,1
dt_wsmc4pz22,0.7595,24.1246471,120.683794,ix_wsmc4pz1,SE,ix_wsmc4pz1,1
dt_wsmc8yx2w,0.7595,24.2057185,120.6291311,ix_wsmc8yx6,SE,ix_wsmc8yx6,1
dt_wsjd88kf7,0.7594,22.9412534,120.2630149,ix_wsjd88kf,SE,ix_wsjd88kf,4
dt_wsqq7m10x,0.7594,25.0324743,121.4335709,ix_wsqq7kcr,NW,ix_wsqq7kcr,3
dt_wsjdbvu4q,0.7594,23.0153834,120.2731102,ix_wsjdbvu4,SE,ix_wsjdbvu4,2
dt_wsj8cqvhf,0.7593,22.6697463,120.2962996,ix_wsj8cqvj,SW,ix_wsj8cqvj,3
dt_wsmcdu1ce,0.7592,24.1921863,120.7093248,ix_wsmcdu1u,SW,ix_wsmcdu1u,6
dt_wsmuj25b2,0.7592,24.6094189,120.821801,ix_wsmuj258,NE,ix_wsmuj258,3
dt_wsqqmp8tj,0.7592,25.0469507,121.5097259,ix_wsqqmp8t,SE,ix_wsqqmp8t,2
dt_wsj6zzp78,0.7592,23.0224645,120.2333569,ix_wsj6zzpk,SW,ix_wsj6zzpk,2
dt_wsj8d3eym,0.7592,22.5972371,120.3386368,ix_wsj8d3ey,SE,ix_wsj8d3ey,2
dt_wsj8cjr5p,0.7591,22.6612325,120.2882583,ix_wsj8cjr6,NW,ix_wsj8cjr6,2
dt_wsqwc2qdc,0.7588,25.0946289,121.7045661,ix_wsqwc2qm,SE,ix_wsqwc2qm,2
dt_wsqqmeffg,0.7588,25.025991,121.5347006,ix_wsqqmefg,SW,ix_wsqqmefg,3
dt_wsqqm6vy6,0.7587,25.0211007,121.5277705,ix_wsqqm6vw,SE,ix_wsqqm6vw,1
dt_wsjz4hgvw,0.7583,23.7575179,120.6792412,ix_wsjz4huj,NW,ix_wsjz4huj,3
dt_wsmc3uj4v,0.7583,24.1484292,120.669938,ix_wsmc3uj4,NE,ix_wsmc3uj4,3
dt_wsqjvft49,0.7582,24.9311847,121.1971164,ix_wsqjvft5,SE,ix_wsqjvft5,2
dt_wsm8sn6mk,0.7581,24.0293962,120.413427,ix_wsm8sn6m,NW,ix_wsm8sn6m,2
dt_wsj964h92,0.758,22.730952,120.3284633,ix_wsj964hd,SW,ix_wsj964hd,3
dt_wsmg1y1zn,0.7579,24.4677777,120.6655103,ix_wsmg1y1z,SE,ix_wsmg1y1z,2
dt_wsje1dndm,0.7578,23.0387433,120.3094409,ix_wsje1dnc,NW,ix_wsje1dnc,2
dt_wsj8cx4hm,0.7578,22.6710412,120.3032833,ix_wsj8cx43,NW,ix_wsj8cx43,2
dt_wsj9nffcd,0.7576,22.6911628,120.534871,ix_wsj9nffc,SE,ix_wsj9nffc,1
dt_wsmcfy641,0.7574,24.2485519,120.709594,ix_wsmcfy3f,SE,ix_wsmcfy3f,1
dt_wsj6z6652,0.7573,22.9963243,120.2041647,ix_wsj6z63f,NE,ix_wsj6z63f,2
dt_wsmc3rhm2,0.7573,24.1653685,120.6467103,ix_wsmc3rhr,SW,ix_wsmc3rhr,1
dt_wsqwfw7jr,0.7572,25.1280193,121.7549433,ix_wsqwfw7k,NW,ix_wsqwfw7k,3
dt_wsm8m7rpq,0.7571,23.9693029,120.474983,ix_wsm8m7rm,NW,ix_wsm8m7rm,3
dt_wsj6z76q0,0.7571,23.0023008,120.2045399,ix_wsj6z76m,NW,ix_wsj6z76m,3
dt_wsqq4vhrc,0.757,24.989754,121.4157943,ix_wsqq4vhr,NW,ix_wsqq4vhr,1
dt_wsm9ne8kt,0.7568,24.10204,120.5205791,ix_wsm9ne87,NE,ix_wsm9ne87,3
dt_wsj6zjxh5,0.7568,23.014325,120.2001803,ix_wsj6zjx3,NW,ix_wsj6zjx3,2
dt_wsmbd3kkp,0.7567,24.0017364,120.6909531,ix_wsmbd3ke,NW,ix_wsmbd3ke,3
dt_wsjwz5cvy,0.7567,23.7081163,120.5446943,ix_wsjwzh1b,SE,ix_wsjwzh1b,1
dt_wsmc3c55f,0.7566,24.1321352,120.66705,ix_wsmc3c5h,SW,ix_wsmc3c5h,3
dt_wsqqnh4gf,0.7565,24.9835544,121.5566154,ix_wsqqnh55,SW,ix_wsqqnh55,3
dt_wsqqwnrbu,0.7565,25.0833042,121.563583,ix_wsqqwnrb,NE,ix_wsqqwnrb,2
dt_wsqqwgggg,0.7565,25.0700823,121.5910124,ix_wsqqwggd,NE,ix_wsqqwggd,3
dt_wsqnq2sqt,0.7565,25.0087562,121.2182107,ix_wsqnq2sm,NW,ix_wsqnq2sm,2
dt_wsmccsgu4,0.7561,24.2406615,120.6570925,ix_wsmccsgg,NW,ix_wsmccsgg,3
dt_wsqsgj3u8,0.7561,24.7708549,121.7748645,ix_wsqsgj3g,NW,ix_wsqsgj3g,2
dt_wsj86rff4,0.756,22.5868926,120.3371324,ix_wsj86rff,NW,ix_wsj86rff,3
dt_wsj6zc2tf,0.7559,22.9912891,120.2242034,ix_wsj6zc2v,NW,ix_wsj6zc2v,3
dt_wsm8v9gze,0.7558,24.0490113,120.4813648,ix_wsm8vd5b,SE,ix_wsm8vd5b,3
dt_wsj93038s,0.7555,22.7212154,120.2805682,ix_wsj9301z,NW,ix_wsj9301z,3
dt_wsj945w82,0.7555,22.6950572,120.3312037,ix_wsj945qx,NW,ix_wsj945qx,1
dt_wsqjyx5nf,0.7555,24.9566434,121.2273773,ix_wsqjyx5p,SE,ix_wsqjyx5p,1
dt_wsqj32sjf,0.7554,24.8328674,120.9980221,ix_wsqj32u1,SW,ix_wsqj32u1,2
dt_wsqsh6u9u,0.7552,24.6248048,121.8337465,ix_wsqsh6ud,SW,ix_wsqsh6ud,2
dt_wsjd3jghd,0.7551,22.9278941,120.2825288,ix_wsjd3jgh,NW,ix_wsjd3jgh,3
dt_wsqqmx1mm,0.755,25.0442783,121.5327229,ix_wsqqmx1w,SW,ix_wsqqmx1w,2
dt_wsqqtb3b1,0.755,25.0502208,121.5441942,ix_wsqqtb1x,NE,ix_wsqqtb1x,2
dt_wsqnn89wc,0.755,24.9648647,121.2252632,ix_wsqnn89z,SW,ix_wsqnn89z,1
dt_wsqqmxs0e,0.7549,25.0462024,121.5364145,ix_wsqqmxs1,SW,ix_wsqqmxs1,2
dt_wsqq50uv0,0.7547,24.9659225,121.4274617,ix_wsqq50uu,NE,ix_wsqq50uu,2
dt_wsqqtbt02,0.7546,25.0516517,121.5486264,ix_wsqqtbt1,SW,ix_wsqqtbt1,2
dt_wsjd87yns,0.7543,22.9611731,120.2537904,ix_wsjd87yn,SE,ix_wsjd87yn,3
dt_wsqqmks82,0.7543,25.0296484,121.5259663,ix_wsqqmksg,SW,ix_wsqqmksg,3
dt_wsj91tc6d,0.7543,22.7078203,120.302125,ix_wsj91tc4,SE,ix_wsj91tc9,3
dt_wsm8y4qke,0.7543,24.0512286,120.5067854,ix_wsm8y4qk,SE,ix_wsm8y4qk,2
dt_wsjwj1mv1,0.7541,23.5624548,120.4620608,ix_wsjwj1mv,NW,ix_wsjwj1mv,1
dt_wsqqd0nj8,0.754,25.0498029,121.3852082,ix_wsqqd0jv,SE,ix_wsqqd0jv,3
dt_wsqqwvdbk,0.754,25.0790983,121.5896651,ix_wsqqwv6z,NE,ix_wsqqwv6z,3
dt_wsjs95kcm,0.7537,23.3090834,120.2850955,ix_wsjs95m1,SW,ix_wsjs95m1,1
dt_wsqj0kkvy,0.7536,24.8095303,120.9552822,ix_wsqj0kky,SE,ix_wsqj0kky,1
dt_wsmf7r62z,0.7534,24.3417415,120.7321921,ix_wsmf7r68,NW,ix_wsmf7r68,2
dt_wsj871q9p,0.7533,22.5510108,120.3754786,ix_wsj871nx,NE,ix_wsj871nx,2
dt_wsjdbe41y,0.7531,23.0001787,120.2593539,ix_wsjdbe44,SE,ix_wsjdbe44,2
dt_wsjd8tdnz,0.753,22.9708256,120.2594234,ix_wsjd8tdq,NW,ix_wsjd8tdq,2
dt_wsqqhz978,0.7527,25.0027594,121.4995246,ix_wsqqhz9e,NW,ix_wsqqhz9e,3
dt_wsjzfjdf5,0.7527,23.8928937,120.6777588,ix_wsjzfjdu,SE,ix_wsjzfjdu,1
dt_wsmcdu8tx,0.7527,24.1956113,120.7077895,ix_wsmcdu87,NE,ix_wsmcdu87,1
dt_wsj89mfwd,0.7525,22.6205945,120.2928597,ix_wsj89mfw,SE,ix_wsj89mfw,1
dt_wsmc42cby,0.7524,24.0862861,120.6875048,ix_wsmc42f1,SW,ix_wsmc42f1,2
dt_wsmf2wjuq,0.7523,24.3354769,120.6160968,ix_wsmf2wju,SE,ix_wsmf2wju,2
dt_wsjwzjryy,0.7523,23.7165595,120.5528981,ix_wsjwzjry,NE,ix_wsjwzjry,3
dt_wsqx1p43c,0.7523,25.1754732,121.6877309,ix_wsqx1p41,NE,ix_wsqx1p41,1
dt_wsjwhdd3r,0.7522,23.5686386,120.4355365,ix_wsjwhdd9,SW,ix_wsjwhdd9,2
dt_wsj99nw4f,0.7521,22.7998701,120.2866589,ix_wsj99nw4,NW,ix_wsj99nw4,1
dt_wsqwfq85n,0.7518,25.1290011,121.739795,ix_wsqwfq85,SE,ix_wsqwfq85,1
dt_wsqqdh8tn,0.7518,25.0744258,121.377903,ix_wsqqdh8t,SE,ix_wsqqdh8t,3
dt_wsm9qxzyr,0.7517,24.169628,120.5309832,ix_wsm9qxzz,SE,ix_wsm9qxzz,3
dt_wsmc1ydvx,0.7517,24.1186909,120.6669217,ix_wsmc1ydz,SE,ix_wsmc1ydz,2
dt_wsj9194gz,0.7515,22.6819456,120.3043799,ix_wsj9194g,NE,ix_wsj9194g,1
dt_wsj86rngw,0.7513,22.5830238,120.3428177,ix_wsj86rph,SW,ix_wsj86rph,1
dt_wsmc325bs,0.7511,24.1260656,120.6462075,ix_wsmc325b,NW,ix_wsmc325b,1
dt_wsmcfvte9,0.7511,24.2447217,120.7144116,ix_wsmcfvte,NE,ix_wsmcfvte,5
dt_wsqjzp78d,0.7511,24.9569434,121.2500153,ix_wsqjzp72,SE,ix_wsqjzp72,2
dt_wsjwkbhcx,0.7511,23.5989277,120.4499635,ix_wsjwkbh8,NE,ix_wsjwkbh8,2
dt_wsqqw3guy,0.751,25.0592739,121.5691474,ix_wsqqw3gg,NE,ix_wsqqw3gg,3
dt_wsj89z9xf,0.751,22.6304409,120.3134556,ix_wsj89z9w,NE,ix_wsj89z9w,4
dt_wsqj0fg3b,0.751,24.800569,120.9749408,ix_wsqj0fg7,SW,ix_wsqj0fg7,2
dt_wsqmfh3p6,0.7509,24.9415889,121.3784344,ix_wsqmfh3q,NW,ix_wsqmfh93,2
dt_wsmuqdzu0,0.7509,24.669131,120.8822259,ix_wsmuqdzu,SW,ix_wsmuqdzu,2
dt_wsmuqwcn6,0.7507,24.691485,120.8730561,ix_wsmuqwcp,SW,ix_wsmuqwcp,2
dt_wsmcg1kwd,0.7504,24.2218792,120.7240432,ix_wsmcg1kw,SW,ix_wsmcg1kw,2
dt_wsj6z1kdj,0.7503,22.990648,120.1968366,ix_wsj6z1kd,SW,ix_wsj6z1kd,1
dt_wsj8ny46k,0.7502,22.5333646,120.5342934,ix_wsj8ny46,SW,ix_wsj8ny46,2
dt_wsmuqz6jv,0.7502,24.6941349,120.8855469,ix_wsmuqz6j,NE,ix_wsmuqz6j,1
dt_wevz0mfp2,0.7499,22.3570709,120.5997028,ix_wevz0q43,SW,ix_wevz0q43,2
dt_wsmc6uwwx,0.7498,24.1518268,120.7160406,ix_wsmc6uwr,SE,ix_wsmc6uwr,2
dt_wsmc1k2eb,0.7497,24.1060264,120.6415719,ix_wsmc1k2v,SW,ix_wsmc1k2v,2
dt_wsj8chznr,0.7497,22.6590367,120.2882407,ix_wsj8chzq,SW,ix_wsj8chzq,2
dt_wsj85dmt5,0.7497,22.5132543,120.3958902,ix_wsj85dms,NW,ix_wsj85dms,2
dt_wsqq1xmhd,0.7497,25.0015447,121.3619593,ix_wsqq1xmj,SW,ix_wsqq1xmj,2
dt_wsqqsmkzh,0.7496,25.0788741,121.4825591,ix_wsqqsmkz,SW,ix_wsqqsmkz,1
dt_wsjtthm9c,0.7494,23.4904613,120.4617273,ix_wsjtthmd,SW,ix_wsjtthmd,1
dt_wsqq5jtg1,0.7493,24.9916764,121.4288501,ix_wsqq5jwn,SW,ix_wsqq5jwn,3
dt_wsj6z57m3,0.7493,23.0021713,120.1949377,ix_wsj6z57m,NW,ix_wsj6z57h,2
dt_wsj94584k,0.7491,22.695421,120.3224579,ix_wsj91gxb,NE,ix_wsj91gxb,2
dt_wsmg1srhh,0.7491,24.4576321,120.6616416,ix_wsmg1sr5,NW,ix_wsmg1srq,4
dt_wsqsdy48k,0.749,24.7302683,121.7651195,ix_wsqsdy48,SW,ix_wsqsdy48,2
dt_wsj6y3x20,0.7488,22.9916527,120.1674646,ix_wsj6y3rp,NE,ix_wsj6y3rp,2
dt_wsmc4mesz,0.7488,24.1130984,120.6899304,ix_wsmc4mes,NE,ix_wsmc4mes,2
dt_wsj8c34q7,0.7488,22.6384266,120.2925476,ix_wsj8c34m,NE,ix_wsj8c34m,1
dt_wsqnjne6p,0.7486,24.9970138,121.1620012,ix_wsqnjne3,NW,ix_wsqnjne3,1
dt_wsnr7ujyr,0.7485,23.7974832,121.4620669,ix_wsnr7ujy,NE,ix_wsnr7ujy,1
dt_wsm9p94cp,0.7484,24.0877146,120.5680515,ix_wsm9p94b,NE,ix_wsm9p94b,1
dt_wsj92eqke,0.7483,22.7383575,120.2650991,ix_wsj92eqj,SE,ix_wsj92eqj,1
dt_wsjddh68c,0.7482,22.9629365,120.3257459,ix_wsjddh6f,SW,ix_wsjddh6f,2
dt_wsqqt49bf,0.7482,25.0627141,121.5112912,ix_wsqqt49f,SE,ix_wsqqt49f,1
dt_wsqqkue24,0.7479,25.0296097,121.502361,ix_wsqqkue2,SE,ix_wsqqkue2,1
dt_wsqwcyd1f,0.7477,25.1287901,121.7203692,ix_wsqwcy3z,NE,ix_wsqwcy3z,1
dt_wsj93297m,0.7476,22.7230463,120.291262,ix_wsj93297,SE,ix_wsj93297,3
dt_wsqj3b4jj,0.7476,24.8299697,121.017375,ix_wsqj3b4m,NW,ix_wsqj3b4m,2
dt_wsqnr6c59,0.7476,25.0206183,121.2575342,ix_wsqnr6c5,SW,ix_wsqnr6c5,1
dt_wsmcchb7w,0.7474,24.2405701,120.6305186,ix_wsmcchbe,SW,ix_wsmcchbe,3
dt_wsmcd0s43,0.7472,24.1730838,120.679399,ix_wsmcd0s1,NW,ix_wsmcd0s1,1
dt_wsmf6dwb9,0.7471,24.3155766,120.7051237,ix_wsmf6dwb,NW,ix_wsmf6dwb,1
dt_wsj7jyj8g,0.7471,23.0604459,120.1432046,ix_wsj7jyjc,SW,ix_wsj7jyjc,1
dt_wsmcfwv7d,0.747,24.2515857,120.7030995,ix_wsmcfwv7,SW,ix_wsmcfwv7,2
dt_wsmc6m1pj,0.747,24.1546864,120.6864166,ix_wsmc6m1p,NE,ix_wsmc6m1p,2
dt_wsj8dged4,0.7468,22.6074966,120.3601171,ix_wsj8dgec,NW,ix_wsj8dgec,1
dt_wsj6xzsd4,0.7468,22.9810265,120.2296591,ix_wsj6xzs6,SE,ix_wsj6xzs6,1
dt_wsqw863tf,0.7467,25.0621935,121.6537843,ix_wsqw863w,SE,ix_wsqw863w,3
dt_wsjdb47vk,0.7467,22.9966955,120.23971,ix_wsjdb47v,SW,ix_wsjdb47v,1
dt_wsqq4vtk5,0.7466,24.9918609,121.4172765,ix_wsqq4vt7,NW,ix_wsqq4vtw,5
dt_wsqnpe415,0.7466,24.9776306,121.2700048,ix_wsqnpe40,NE,ix_wsqnpe40,2
dt_wsjz1p96s,0.7466,23.7721008,120.6317963,ix_wsjz1p96,SW,ix_wsjz1p96,3
dt_wsqwc8u3h,0.7466,25.097084,121.7125907,ix_wsqwc8u3,SE,ix_wsqwc8u3,2
dt_wsqwfmd2t,0.7464,25.1231144,121.7428137,ix_wsqwfmd8,SW,ix_wsqwfmd8,2
dt_wsmc64hme,0.7463,24.1379338,120.6798255,ix_wsmc64hm,NW,ix_wsmc64hm,3
dt_wsj6xp8n7,0.7462,22.9817504,120.1905693,ix_wsj6xp8j,NW,ix_wsj6xp8j,3
dt_wsjn15gcu,0.7461,23.5756268,119.5805208,ix_wsjn15gf,SW,ix_wsjn15gf,1
dt_wsj8f2z75,0.746,22.6365051,120.3433541,ix_wsj8f2zd,NW,ix_wsj8f2zd,1
dt_wsj7p6c7r,0.7458,23.0430084,120.2034507,ix_wsj7p6cd,NW,ix_wsj7p6cd,1
dt_wsj965s5g,0.7457,22.7396186,120.3279073,ix_wsj965eu,SE,ix_wsj965eu,3
dt_wsqqwv5pm,0.7455,25.0775552,121.5900681,ix_wsqqwv5n,NE,ix_wsqqwv5n,3
dt_wsqqv39kf,0.7453,25.1018634,121.5215791,ix_wsqqv39h,NE,ix_wsqqv39h,3
dt_wsje0gq5n,0.7452,23.0457523,120.2758319,ix_wsje0gqh,SE,ix_wsje0gqh,2
dt_wsjdbve2w,0.7451,23.0137048,120.2720718,ix_wsjdbve2,SE,ix_wsjdbve2,2
dt_wsjknchgc,0.745,23.2092997,120.1860434,ix_wsjknche,NE,ix_wsjknche,2
dt_wsqjyx8vw,0.745,24.9591456,121.224444,ix_wsqjyx8y,SE,ix_wsqjyx9j,2
dt_wsqr4d3pg,0.7449,25.1504113,121.4004351,ix_wsqr4d3p,NE,ix_wsqr4d3p,1
dt_wsj91b3ec,0.7446,22.6778072,120.3133943,ix_wsj91b37,NE,ix_wsj91b37,2
dt_wsj8d4mf4,0.7444,22.600604,120.3302721,ix_wsj8d4mc,NE,ix_wsj8d4mc,1
dt_wsje0fjcf,0.7443,23.0386731,120.2753187,ix_wsje0fjc,NW,ix_wsje0fjc,1
dt_wsmc6q8pp,0.7443,24.1629167,120.6851305,ix_wsmc6q8p,SE,ix_wsmc6q8p,3
dt_wsj6ydt92,0.7441,22.9973461,120.1760295,ix_wsj6ydt2,NE,ix_wsj6ydt2,3
dt_wsje320et,0.7441,23.0718948,120.2902413,ix_wsje320s,SW,ix_wsje320s,2
dt_wsqqgbjfc,0.7441,25.0932649,121.4618034,ix_wsqqgbjd,NE,ix_wsqqgbjd,1
dt_wsjdcr2k0,0.7438,23.0239128,120.2896734,ix_wsjdcr2h,SE,ix_wsjdcr2h,2
dt_wsj8dx5x7,0.7437,22.62763,120.3492104,ix_wsj8dx78,SE,ix_wsj8dx78,1
dt_wsm8p7b5b,0.7436,23.92752,120.5530117,ix_wsm8p5zg,NE,ix_wsm8p5zg,3
dt_wsqqk137x,0.7433,25.0123735,121.4668821,ix_wsqqk137,SE,ix_wsqqk137,2
dt_wsqq5p44p,0.7431,24.9997553,121.4239592,ix_wsqq5p43,NW,ix_wsqq5p43,1
dt_wsj89mxh7,0.7427,22.618842,120.2990749,ix_wsj89mxq,SW,ix_wsj89mxq,3
dt_wsqnnhvwj,0.7425,24.9880631,121.2089639,ix_wsqnnhvw,SE,ix_wsqnnhvz,5
dt_wsj8ekmn8,0.7425,22.6123815,120.3841055,ix_wsj8ekmn,NW,ix_wsj8ekku,6
dt_wsjzfq1bz,0.7425,23.8954176,120.6875533,ix_wsjzfq41,SW,ix_wsjzfq41,1
dt_wsj94v51y,0.7423,22.7035579,120.35962,ix_wsj94v56,SW,ix_wsj94v56,2
dt_wsjt79z5e,0.7421,23.4330796,120.3979351,ix_wsjt79z5,NE,ix_wsjt79z5,3
dt_wsqqv2vkv,0.742,25.0977417,121.5272062,ix_wsqqv2vt,SW,ix_wsqqv2vt,2
dt_wsmc65gsm,0.7419,24.1473095,120.6788724,ix_wsmc65ge,NE,ix_wsmc65ge,2
dt_wsmc1wkx4,0.7419,24.1175757,120.6581351,ix_wsmc1wkw,NW,ix_wsmc1wkw,3
dt_wsj8cd924,0.7417,22.6456035,120.3021179,ix_wsj8cd3r,NW,ix_wsj8cd3r,2
dt_wsmux4ydv,0.7416,24.7128443,120.9027179,ix_wsmux4yf,NW,ix_wsmux4yf,3
dt_wsmgvcxgc,0.7415,24.5743523,120.849331,ix_wsmgvcxg,NW,ix_wsmgvcxg,2
dt_wsj8cqpyn,0.7413,22.6658499,120.3002111,ix_wsj8cqpy,NE,ix_wsj8cqpy,2
dt_wsqnpvbn2,0.7412,24.993621,121.278116,ix_wsqnptzy,NE,ix_wsqnptzy,4
dt_wsmc49jh6,0.7412,24.0882678,120.70278,ix_wsmc49jh,NE,ix_wsmc49jh,1
dt_wsmc3ekpc,0.7408,24.1451847,120.6574299,ix_wsmc3e7z,NE,ix_wsmc3e7z,1
dt_wsj8c70x3,0.7405,22.649599,120.290061,ix_wsj8c70w,NE,ix_wsj8c70w,1
dt_wsj8vwzx2,0.7405,22.670177,120.4863935,ix_wsj8vxp8,SW,ix_wsj8vxp8,2
dt_wsj9bnzf8,0.7405,22.8451274,120.2450375,ix_wsj9bq8p,NW,ix_wsj9bq8p,1
dt_wsj8dnrk8,0.7405,22.6230223,120.3322337,ix_wsj8dnrj,SE,ix_wsj8dnrw,6
dt_wsqqksq7s,0.7404,25.0288578,121.495578,ix_wsqqksq6,NW,ix_wsqqksq5,2
dt_wsmb0q1rc,0.7401,23.9405515,120.5987254,ix_wsmb0q31,SE,ix_wsmb0q31,3
dt_wsje04ukh,0.74,23.0431787,120.2404078,ix_wsje04u7,NE,ix_wsje04u7,1
dt_wsmc3n8ex,0.7399,24.1623137,120.6308751,ix_wsmc3n87,NE,ix_wsmc3n87,2
dt_wsqnxpsfm,0.7398,25.0904266,121.2518799,ix_wsqnxpsg,SW,ix_wsqnxpsg,2
dt_wsmbcm9jg,0.7398,24.0693174,120.6423942,ix_wsmbcm9p,SW,ix_wsmbcm9p,1
dt_wsmcd94d7,0.7395,24.175825,120.6993854,ix_wsmcd94d,SE,ix_wsmcd94d,1
dt_wsj6zmyyc,0.7394,23.016175,120.2107305,ix_wsj6zmyz,SW,ix_wsj6zmyz,3
dt_wsj8v7zwm,0.7394,22.6535197,120.4756098,ix_wsj8v7zw,SW,ix_wsj8v7zw,1
dt_wsjsdj71e,0.7394,23.3201177,120.3265174,ix_wsjsdj71,NE,ix_wsjsdj71,2
dt_wsmc65d7p,0.7392,24.1457205,120.677244,ix_wsmc65dd,NW,ix_wsmc65dd,2
dt_wsmc65msw,0.7392,24.1446326,120.6816604,ix_wsmc65mu,NW,ix_wsmc65mu,3
dt_wsmb4484f,0.7391,23.9204908,120.6739243,ix_wsmb4485,SW,ix_wsmb4485,2
dt_wsqqqpyj8,0.7391,25.0484297,121.5610167,ix_wsqqqpvy,SE,ix_wsqqqpvy,1
dt_wsmc6gs1d,0.7391,24.1454924,120.712385,ix_wsmc6gs5,SW,ix_wsmc6gs5,3
dt_wsmc2m2en,0.7391,24.1553505,120.5978775,ix_wsmc2m2e,SE,ix_wsmc2m2e,2
dt_wsj89ufqs,0.7386,22.6151279,120.3145654,ix_wsj89ufr,SE,ix_wsj89ufr,1
dt_wsqqsscj6,0.7386,25.075845,121.4883165,ix_wsqqssbv,NE,ix_wsqqssbv,2
dt_wsqqjg9fx,0.7384,24.9806097,121.5444577,ix_wsqqjg9c,NE,ix_wsqqjg9c,2
dt_wsjd8tt7x,0.7382,22.9703063,120.263886,ix_wsjd8tte,NW,ix_wsjd8tte,3
dt_wsjz0s43p,0.7381,23.7526266,120.6113323,ix_wsjz0s43,SE,ix_wsjz0s43,3
dt_wsj8fymkn,0.7381,22.6668567,120.3627027,ix_wsj8fyms,SW,ix_wsj8fyms,2
dt_wsmb438bm,0.7381,23.9145333,120.6860706,ix_wsmb438d,SE,ix_wsmb438d,1
dt_wsm9p4tn9,0.738,24.0968804,120.5489157,ix_wsm9p4tj,NW,ix_wsm9p4tj,1
dt_wsqjd8vtn,0.7377,24.8780477,121.0552041,ix_wsqjd8vw,SE,ix_wsqjd8vw,3
dt_wsqn7y9ys,0.7377,25.0417078,121.1048979,ix_wsqn7y9y,SE,ix_wsqn7y9y,2
dt_wsmc1w8bc,0.7376,24.1178916,120.6529335,ix_wsmc1w8b,NW,ix_wsmc1w8b,7
dt_wsqqk64sf,0.7375,25.0166905,121.4793808,ix_wsqqk64s,NE,ix_wsqqk64s,3
dt_wsqqk73y6,0.7374,25.0238299,121.4783594,ix_wsqqk73y,NW,ix_wsqqk73y,1
dt_wsqqnkbv6,0.7372,24.9879695,121.5648549,ix_wsqqnm08,SE,ix_wsqqnkcp,6
dt_wsjxjb629,0.7371,23.7319638,120.4902203,ix_wsjxjb63,SW,ix_wsjxjb63,2
dt_wsmg6mgtv,0.7371,24.5101159,120.689846,ix_wsmg6mgv,NW,ix_wsmg6mgv,2
dt_wsmfj82q7,0.737,24.260266,120.8281159,ix_wsmfj82m,NE,ix_wsmfj82m,1
dt_wsqmcmy92,0.737,24.9487925,121.3529237,ix_wsqmcmy2,NE,ix_wsqmcmy2,1
dt_wsj963byu,0.7369,22.7305401,120.3344703,ix_wsj963by,NW,ix_wsj963by,2
dt_wsmuq7hen,0.7369,24.6703172,120.867048,ix_wsmuq7hg,SW,ix_wsmuq7hg,2
dt_wsm8r6q68,0.7369,23.963022,120.5615987,ix_wsm8r6q2,NW,ix_wsm8r6q2,2
dt_wsj6yb2fz,0.7367,22.9852564,120.1808018,ix_wsj6yb2e,SE,ix_wsj6yb2e,1
dt_wsj8cc7zs,0.7364,22.6400051,120.3166431,ix_wsj8cce9,SE,ix_wsj8cce9,1
dt_wsqs9wzxu,0.7362,24.7356972,121.7170335,ix_wsqs9wzx,NW,ix_wsqs9wzx,3
dt_wsmcgj2mb,0.7359,24.2437122,120.7181404,ix_wsmcgj2m,NW,ix_wsmcgj2m,1
dt_wsqhcxzn5,0.7359,24.7848441,121.0131897,ix_wsqhcxyz,SE,ix_wsqhcxyz,1
dt_wsjxtt7cd,0.7358,23.847497,120.4813145,ix_wsjxtt79,NE,ix_wsjxtt79,2
dt_wsj86rgnk,0.7357,22.5876307,120.3375815,ix_wsj86rgn,SE,ix_wsj86rgn,2
dt_wsmc8w4jp,0.7356,24.2037814,120.6109656,ix_wsmc8w4h,NE,ix_wsmc8w4h,8
dt_wsqqt0e8h,0.7355,25.0516081,121.5138062,ix_wsqqt07x,NW,ix_wsqqt07x,6
dt_wsjs9g87v,0.7355,23.3109247,120.3118613,ix_wsjs9g83,NE,ix_wsjs9g83,3
dt_wsmbdtbsk,0.7354,24.0264566,120.6966717,ix_wsmbdtbs,SW,ix_wsmbdtbs,3
dt_wsjtscr1f,0.7354,23.4739693,120.4528218,ix_wsjtscr4,SE,ix_wsjtscr4,2
dt_wsjc28d1u,0.7349,22.7228046,120.6108586,ix_wsjc28d4,SE,ix_wsjc28d4,2
dt_wsqj4n3ft,0.7348,24.8199185,121.0280388,ix_wsqj4n64,NW,ix_wsqj4n64,2
dt_wsqryuh70,0.7347,25.2910655,121.591547,ix_wsqryuh6,NE,ix_wsqryuh6,2
dt_wsmcdjeqf,0.7346,24.2013299,120.6783938,ix_wsmcdjeq,NW,ix_wsmcdjeq,3
dt_wsqnnbvkb,0.7346,24.9659088,121.241368,ix_wsqnnbvm,SW,ix_wsqnnbvm,2
dt_wsqqsdhwm,0.7344,25.0609067,121.493233,ix_wsqqsdhq,SE,ix_wsqqsdhq,1
dt_wsmc3738w,0.7344,24.1439362,120.6431893,ix_wsmc3739,SE,ix_wsmc3739,1
dt_wsj8cx6vs,0.7343,22.6726394,120.3042665,ix_wsj8cx7h,NW,ix_wsj8cx7h,1
dt_wsj9b4ffn,0.7341,22.8230957,120.2384277,ix_wsj9b4ff,SE,ix_wsj9b4ff,3
dt_wsqjc063p,0.734,24.918544,120.9848444,ix_wsqjc063,SE,ix_wsqjc063,2
dt_wsjd2r9zn,0.734,22.9379504,120.2480533,ix_wsjd2r9y,NE,ix_wsjd2r9y,3
dt_wsmc2p3j5,0.7339,24.1666898,120.5874796,ix_wsmc2p3j,SE,ix_wsmc2p3j,2
dt_wsqhcwr4z,0.7339,24.7760218,121.0133609,ix_wsqhcwr4,NE,ix_wsqhcwr4,1
dt_wsmc656c0,0.7338,24.1440117,120.6776406,ix_wsmc656d,SE,ix_wsmc656d,4
dt_wsj99s1u4,0.7337,22.7863498,120.3027918,ix_wsj99s1u,SE,ix_wsj99s1u,1
dt_wsj8cwwz5,0.7335,22.6687687,120.3097177,ix_wsj8cwz0,SW,ix_wsj8cwz0,1
dt_wsqq99qxh,0.7335,25.0569361,121.364102,ix_wsqq99qx,SW,ix_wsqq99qx,1
dt_wsm9zr4z7,0.7335,24.2535707,120.556923,ix_wsm9zr5p,SW,ix_wsm9zr5p,3
dt_wsj93u46h,0.7332,22.7420482,120.314576,ix_wsj93u43,NW,ix_wsj93u43,3
dt_wsqqjfbdr,0.733,24.9764674,121.5427767,ix_wsqqjfbf,SW,ix_wsqqjfbf,3
dt_wsqqwgeut,0.733,25.0688671,121.591064,ix_wsqqwgev,SE,ix_wsqqwgev,1
dt_wsmc8ey6g,0.7329,24.1910232,120.6166494,ix_wsmc8ey4,NE,ix_wsmc8ey4,2
dt_wsjx3hc48,0.7324,23.8009782,120.2797261,ix_wsjx3hc4,NW,ix_wsjx3hc4,2
dt_wsmc39zhy,0.7324,24.1364425,120.6617399,ix_wsmc39zj,SE,ix_wsmc39zj,1
dt_wsjxytrqg,0.7323,23.8923278,120.5301281,ix_wsjxytrr,SE,ix_wsjxytrr,1
dt_wsmf5gqq3,0.7323,24.2767483,120.7593982,ix_wsmf5gqq,SW,ix_wsmf5gqq,2
dt_wsj86rqbu,0.7323,22.5839422,120.3427096,ix_wsj86rqb,NE,ix_wsj86rr4,2
dt_wsj89ssdw,0.7321,22.6130667,120.3067417,ix_wsj89ss9,NE,ix_wsj89ss9,2
dt_wsj8v9nuq,0.7319,22.6380891,120.4856278,ix_wsj8v9nu,NE,ix_wsj8v9nu,5
dt_wsjtudszg,0.7319,23.5258107,120.438808,ix_wsjtudsz,SW,ix_wsjtudsz,3
dt_wsjdcdm9y,0.7316,22.9960968,120.308135,ix_wsjdcdmf,SW,ix_wsjdcdmf,2
dt_wsj8vwq08,0.7312,22.6662947,120.484351,ix_wsj8vwmc,SE,ix_wsj8vwmc,2
dt_wsmc6hyqk,0.7312,24.1531798,120.6826172,ix_wsmc6hyr,SE,ix_wsmc6hyr,1
dt_wsj6z7urd,0.7312,23.0053026,120.2073593,ix_wsj6z7ur,NE,ix_wsj6z7ur,3
dt_wsm9nc6zr,0.7312,24.0901476,120.5350989,ix_wsm9nc7p,NW,ix_wsm9nc7p,1
dt_wsmcc6rp7,0.7311,24.2274757,120.6506277,ix_wsmcc6qy,NE,ix_wsmcc6qy,3
dt_wsqmbjy7d,0.7309,24.9491903,121.2977507,ix_wsqmbjy7,SW,ix_wsqmbjy7,2
dt_wsjdb90jk,0.7308,22.98981,120.2565336,ix_wsjdb3pv,SE,ix_wsjdb3pv,2
dt_wsjtser0r,0.7308,23.4847165,120.4420726,ix_wsjtsepr,NW,ix_wsjtsepr,1
dt_wsmc611xj,0.7306,24.1326781,120.6761218,ix_wsmc611w,NW,ix_wsmc611w,2
dt_wsj6ru92y,0.7306,22.9203601,120.2253961,ix_wsj6ru92,SE,ix_wsj6ru92,2
dt_wsqqnhvm2,0.7304,24.9879337,121.5599704,ix_wsqqnhve,NW,ix_wsqqnhve,1
dt_wsqq6gdhe,0.7304,25.0249087,121.4128187,ix_wsqq6gdj,SW,ix_wsqq6gdj,2
dt_wsm8xhjt9,0.7303,24.0170947,120.5496143,ix_wsm8xhjs,NW,ix_wsm8xhjs,3
dt_wsm9jzjbw,0.7302,24.1205785,120.4952316,ix_wsm9jzn1,SW,ix_wsm9jzn1,2
dt_wsjdb6cc6,0.7302,22.998741,120.2478581,ix_wsjdb6cb,NW,ix_wsjdb6cb,1
dt_wsqqwqwx5,0.73,25.0857732,121.5728029,ix_wsqqwqww,NE,ix_wsqqwqww,2
dt_wsm8j6zqg,0.7299,23.922548,120.4752083,ix_wsm8j6zr,SE,ix_wsm8j6zr,2
dt_wsj932p89,0.7299,22.7198129,120.299682,ix_wsj91rzr,NE,ix_wsj91rzr,1
dt_wsmf524zd,0.7296,24.2591194,120.7326496,ix_wsmf524z,NW,ix_wsmf524z,1
dt_wsmcfhb5w,0.7294,24.2405621,120.6740866,ix_wsmcfhb7,SW,ix_wsmcfhb7,3
dt_wsqj17hqu,0.7294,24.8028048,120.9984596,ix_wsqj17hm,NE,ix_wsqj17hm,1
dt_wsm8xkdxe,0.7292,24.0201713,120.556556,ix_wsm8xkdr,SE,ix_wsm8xkdr,1
dt_wsmc716k7,0.7292,24.1336022,120.7210249,ix_wsmc716m,SW,ix_wsmc716m,1
dt_wsqsdy61w,0.7291,24.7318761,121.7645018,ix_wsqsdy61,NE,ix_wsqsdy61,2
dt_wsqqt874h,0.729,25.0505576,121.5350634,ix_wsqqt86u,SE,ix_wsqqt86u,3
dt_wsqnteh46,0.729,25.0657277,121.1848152,ix_wsqnte5g,SE,ix_wsqnte5g,1
dt_wsj6z67kz,0.7289,22.9966129,120.2061802,ix_wsj6z67s,NW,ix_wsj6z67s,2
dt_wsqmcx508,0.7288,24.9555618,121.3591287,ix_wsqmcx4u,SE,ix_wsqmcx4u,1
dt_wsqq28wwn,0.7287,25.0086862,121.3202326,ix_wsqq28wt,NE,ix_wsqq28wt,2
dt_wsjxye9um,0.7287,23.8822671,120.5226544,ix_wsjxye9u,SE,ix_wsjxye9u,3
dt_wsj6rubr9,0.7286,22.9228896,120.2237881,ix_wsj6rv02,SW,ix_wsj6rv02,3
dt_wsj8d8wg5,0.7284,22.5911849,120.3536779,ix_wsj8d8wc,NE,ix_wsj8d8wc,1
dt_wsj96z7xb,0.7283,22.7608854,120.360051,ix_wsj96z7r,NE,ix_wsj96z7r,1
dt_wsqqm6wxn,0.7282,25.0198477,121.5289726,ix_wsqqm6wz,SW,ix_wsqqm6wz,2
dt_wsm8rrqz5,0.7281,23.9912507,120.562389,ix_wsm8rrrn,NW,ix_wsm8rrrn,2
dt_wsqqk0ps7,0.7281,25.0056334,121.4753114,ix_wsqqk0py,SW,ix_wsqqk0py,1
dt_wsmcc48vt,0.728,24.2285709,120.6311672,ix_wsmcc48v,SE,ix_wsmcc48v,2
dt_wsmc1rn8g,0.7279,24.1206535,120.6499619,ix_wsmc1rn8,NW,ix_wsmc1rn8,1
dt_wsmuqe6qw,0.7279,24.6723057,120.8749542,ix_wsmuqe6r,SW,ix_wsmuqe6r,3
dt_wsj8cdqjp,0.7276,22.6450674,120.3088687,ix_wsj8cdqh,NE,ix_wsj8cdqh,1
dt_wsj99mwvm,0.7276,22.7948261,120.2988004,ix_wsj99mwu,NW,ix_wsj99mwu,2
dt_wsjwtt2jg,0.7275,23.6724077,120.4762259,ix_wsjwtt2j,NE,ix_wsjwtt2j,1
dt_wsj8c2573,0.7274,22.6324211,120.2938236,ix_wsj8c257,SE,ix_wsj8c257,3
dt_wsjdbh3x3,0.7273,23.0080307,120.2364876,ix_wsjdbh9f,SW,ix_wsjdbh9f,1
dt_wsqqsx768,0.7272,25.0890986,121.4912812,ix_wsqqsx76,SW,ix_wsqqsx76,2
dt_wsje0ge6v,0.7271,23.0470429,120.2720357,ix_wsje0ge5,SE,ix_wsje0ge5,1
dt_wsm8y4kfp,0.727,24.0508228,120.5049088,ix_wsm8y4m1,NW,ix_wsm8y4m1,1
dt_wsj8ctn2p,0.727,22.6593211,120.3091881,ix_wsj8ctn0,SE,ix_wsj8ctn0,1
dt_wsqqtg35t,0.7268,25.067283,121.5433769,ix_wsqqtg34,NE,ix_wsqqtg34,1
dt_wsj9bec5c,0.7267,22.8288632,120.2577834,ix_wsj9bebc,NE,ix_wsj9bebc,3
dt_wsqnt31ct,0.7267,25.0546073,121.1708534,ix_wsqnt31f,SW,ix_wsqnt31f,2
dt_wsj877wzm,0.7266,22.5644449,120.3867221,ix_wsj877yb,SW,ix_wsj877yb,1
dt_wsj8f98bv,0.7266,22.6402457,120.3455011,ix_wsj8f98c,SE,ix_wsj8f98c,3
dt_wsj6z1xe5,0.7263,22.9921937,120.2008699,ix_wsj6z1xe,SW,ix_wsj6z1xe,1
dt_wsq2rmbpn,0.7262,23.9829975,121.6079557,ix_wsq2rmbp,SE,ix_wsq2rmbp,2
dt_wsj6z11wc,0.7262,22.9900505,120.1925579,ix_wsj6z139,SW,ix_wsj6z139,1
dt_wsqqmevbg,0.7261,25.025617,121.5388169,ix_wsqqmevb,NW,ix_wsqqmevb,2
dt_wsqqt1gsu,0.7257,25.0592828,121.5137742,ix_wsqqt1gs,NE,ix_wsqqt1gs,3
dt_wsj8fhygy,0.7256,22.6586056,120.3318158,ix_wsj8fhyu,SE,ix_wsj8fhyu,2
dt_wsj8e83yq,0.7255,22.5903708,120.3908637,ix_wsj8e86j,NW,ix_wsj8e86j,2
dt_wsm9nbxf7,0.7254,24.0851876,120.5418134,ix_wsm9nbxf,SW,ix_wsm9nbxf,3
dt_wsmc3be0x,0.7254,24.1288172,120.6672824,ix_wsmc3be0,SE,ix_wsmc3be0,4
dt_wsmc8f2fb,0.7251,24.1827626,120.6199513,ix_wsmc8f2d,NE,ix_wsmc8f2d,3
dt_wsj9n1m4h,0.7251,22.6830192,120.5051205,ix_wsj9n1m1,NE,ix_wsj9n1m1,3
dt_wsmf2zg9r,0.7251,24.3445615,120.6240142,ix_wsmf2zer,NE,ix_wsmf2zer,2
dt_wsj961t89,0.725,22.7280687,120.3298935,ix_wsj961t8,NW,ix_wsj961t8,1
dt_wsjx3h2w5,0.7249,23.7988289,120.2791564,ix_wsjx3h2w,NW,ix_wsjx3h2w,1
dt_wsj6zzj1c,0.7248,23.0221577,120.2303256,ix_wsj6zzj6,SW,ix_wsj6zzj6,1
dt_wsqje5tmg,0.7248,24.8932612,121.0767009,ix_wsqje5tm,NW,ix_wsqje5tm,1
dt_wsj8ctn39,0.7248,22.6595632,120.3089231,ix_wsj8ctn0,NE,ix_wsj8ctn0,1
dt_wsmcdf0xy,0.7247,24.1822484,120.7077689,ix_wsmcdf2b,SW,ix_wsmcdf2b,3
dt_wsm8yzh6t,0.7246,24.0769681,120.5370605,ix_wsm8yzh7,SE,ix_wsm8yzh7,1
dt_wsj8cwxu1,0.7246,22.6682655,120.3110204,ix_wsj8cy8h,SW,ix_wsj8cy8h,1
dt_wsmc8yx7e-2,0.7245,24.206267,120.6289845,ix_wsmc8yxq,SW,ix_wsmc8yxq,3
dt_wsj6zw88k,0.7244,23.0191696,120.2132913,ix_wsj6zw88,SE,ix_wsj6zw88,5
dt_wsjxvh7q5,0.7244,23.8867225,120.4587063,ix_wsjxvhe2,SW,ix_wsjxvhe2,2
dt_wsj9hec00,0.7243,22.6963942,120.4335262,ix_wsj9hec4,SW,ix_wsj9hec4,2
dt_wsqqkwpsn,0.7243,25.0385566,121.497386,ix_wsqqkwpe,NE,ix_wsqqkwpe,2
dt_wsqqk5d6n,0.7242,25.0244792,121.4682237,ix_wsqqk5d0,NE,ix_wsqqk5d0,1
dt_wsm9nck98,0.7241,24.0891725,120.5371888,ix_wsm9nckd,SW,ix_wsm9nckd,2
dt_wsqwfqtp3,0.724,25.129729,121.7464176,ix_wsqwfqtn,NE,ix_wsqwfqtn,2
dt_wsqq5jn8t,0.7239,24.9885164,121.4300522,ix_wsqq5jn8,SE,ix_wsqq5jn8,4
dt_wsmg1ydex,0.7237,24.4699217,120.6666136,ix_wsmg1yde,SE,ix_wsmg1yde,2
dt_wsmc64d7q,0.7235,24.1402859,120.6771792,ix_wsmc64dd,NW,ix_wsmc64dd,2
dt_wsqjsy7bv,0.7235,24.907524,121.1516058,ix_wsqjsy7c,SE,ix_wsqjsy7c,1
dt_wsje95hpj,0.7231,23.1329186,120.2840441,ix_wsje95hp,SE,ix_wsje95hp,2
dt_wsj949ye0,0.723,22.6859511,120.3531674,ix_wsj949y6,NE,ix_wsj949y6,2
dt_wsj8cysfv,0.7229,22.6680144,120.3180372,ix_wsj8cysf,NW,ix_wsj8cysf,1
dt_wsjd4humg,0.7225,22.8786519,120.3282317,ix_wsjd4hum,NE,ix_wsjd4hum,3
dt_wsqqefh7p,0.7224,25.0603591,121.4600061,ix_wsqqefh7,SE,ix_wsqqefh7,2
dt_wsj8drccx,0.7223,22.6307315,120.3359868,ix_wsj8drf1,SW,ix_wsj8drf1,2
dt_wsj87h7rm,0.7223,22.5685389,120.370923,ix_wsj87h7r,NE,ix_wsj87h7r,2
dt_wsjtupqrn,0.7223,23.5517693,120.419015,ix_wsjtupqq,NE,ix_wsjtupqq,1
dt_wsm8r5xsb,0.7222,23.9702645,120.5523322,ix_wsm8r5xu,NW,ix_wsm8r5xu,1
dt_wsmc7nqvp,0.7222,24.1611752,120.727384,ix_wsmc7nr5,NW,ix_wsmc7nr5,2
dt_wsj94v579,0.7219,22.703887,120.3597406,ix_wsj94v56,NW,ix_wsj94v56,3
dt_wsqjmbq7y,0.7217,24.8311306,121.1990482,ix_wsqjmbq7,NW,ix_wsqjmbq7,3
dt_wsjtkjed2,0.7215,23.4534611,120.415,ix_wsjtkjef,NW,ix_wsjtkjef,1
dt_wsj89cbd3,0.7214,22.5979276,120.3120208,ix_wsj89cb9,NW,ix_wsj89cb9,2
dt_wsj6zmj7s,0.7213,23.0114767,120.2088362,ix_wsj6zmj7,SE,ix_wsj6zmj7,3
dt_wsqqv15hg,0.7213,25.0990859,121.5130445,ix_wsqqv14g,NE,ix_wsqqv14g,2
dt_wsmcdjx5d,0.721,24.2007383,120.6835431,ix_wsmcdjxh,SE,ix_wsmcdjxh,1
dt_wsjtfwdzj,0.721,23.5476872,120.3482348,ix_wsjtfwdz,NE,ix_wsjtfwdz,1
dt_wsmcdjd5m,0.7208,24.2007321,120.6767997,ix_wsmcdjd5,SE,ix_wsmcdjd5,3
dt_wsm9yyebt,0.7208,24.2496838,120.5363715,ix_wsm9yyef,SE,ix_wsm9yyef,2
dt_wsqq144c6,0.7207,24.9721412,121.3368804,ix_wsqq144c,SE,ix_wsqq144c,6
dt_wsj8d9ndg,0.7206,22.5938722,120.3533206,ix_wsj8d9n7,SE,ix_wsj8d9n7,1
dt_wsqjd8gss,0.7205,24.8779449,121.0523652,ix_wsqjd8ge,NE,ix_wsqjd8ge,1
dt_wsqjypuw6,0.7204,24.9606431,121.2074798,ix_wsqjypux,SE,ix_wsqjypux,2
dt_wsqqtq4d6,0.7203,25.0821794,121.5233316,ix_wsqqtq46,SE,ix_wsqqtq46,2
dt_wsqqt5s7w,0.7202,25.0686888,121.5149109,ix_wsqqt5s7,NE,ix_wsqqt5s7,1
dt_wsj8tb20s,0.7201,22.5893895,120.4872502,ix_wsj8tb20,NE,ix_wsj8tb20,2
dt_wsjdb23cu,0.7199,22.9850797,120.2479635,ix_wsjdb23c,NE,ix_wsjdb23c,2
dt_wsm8m9bbg,0.7198,23.95998,120.4772383,ix_wsm8m9bc,SW,ix_wsm8m9bc,1
dt_wsqqwmkpw,0.7198,25.0789574,121.569484,ix_wsqqwmkn,NE,ix_wsqqwmkn,1
dt_wsj9bwm2s,0.7195,22.842058,120.2637348,ix_wsj9bwm0,SE,ix_wsj9bwjq,6
dt_wsj6z670j,0.7194,22.9957857,120.2057774,ix_wsj6z65p,NW,ix_wsj6z65p,1
dt_wsqq5n4g8,0.7194,24.9945356,121.4246836,ix_wsqq5n51,NW,ix_wsqq5n51,1
dt_wsqmb4yn7,0.7194,24.933182,121.2974594,ix_wsqmb4yn,SW,ix_wsqmb4yn,1
dt_wsqjyy5e1,0.7191,24.9504831,121.2389928,ix_wsqjyy57,SE,ix_wsqjyy57,2
dt_wsqh2j2wm,0.7191,24.6832455,120.9384321,ix_wsqh2j2t,NW,ix_wsqh2j2t,1
dt_wsj6qyhcg,0.719,22.9287702,120.186113,ix_wsj6qyhc,NE,ix_wsj6qyhc,3
dt_wsmc0sd7k,0.719,24.107348,120.6111847,ix_wsmc0sdk,SE,ix_wsmc0sdk,2
dt_wsj6zx4dp,0.719,23.0221992,120.2161718,ix_wsj6zx4c,NW,ix_wsj6zx4c,1
dt_wsmuqvjpz,0.7189,24.6821311,120.889758,ix_wsmuqvm4,SE,ix_wsmuqvm4,1
dt_wsj8dd08d,0.7189,22.5989653,120.3450211,ix_wsj8dd08,NW,ix_wsj8dd08,1
dt_wsmc3ugn4,0.7188,24.1531381,120.6670794,ix_wsmc3ufy,NE,ix_wsmc3ufy,1
dt_wsqqk5hvr,0.7187,25.0222654,121.4717099,ix_wsqqk5hg,NE,ix_wsqqk5hg,2
dt_wsqqmv9tb,0.7186,25.0361103,121.5438126,ix_wsqqmv9m,NE,ix_wsqqmv9m,2
dt_wsjtfw74q,0.7186,23.5454641,120.3486242,ix_wsjtfw74,NW,ix_wsjtfw74,2
dt_wsjxsx144,0.7185,23.857186,120.4336175,ix_wsjxsx14,SW,ix_wsjxsx14,2
dt_wsj8d4chm,0.7185,22.6037533,120.3238931,ix_wsj8d4c6,NW,ix_wsj8d4c6,2
dt_wsmc3e7ys,0.7184,24.1449548,120.6571866,ix_wsmc3e7z,SW,ix_wsmc3e7w,5
dt_wsm8zp8nm,0.7182,24.0803729,120.542241,ix_wsm8zpb2,SW,ix_wsm8zpb2,2
dt_wsqj0umjz,0.718,24.8094894,120.9776397,ix_wsqj0ukz,SE,ix_wsqj0ukz,2
dt_wsqqv20h4,0.7178,25.0934607,121.5198957,ix_wsqqv205,NW,ix_wsqqv205,1
dt_wsj94djep,0.7178,22.6872828,120.3521309,ix_wsj94djw,SE,ix_wsj94djw,1
dt_wsqq7bfge,0.7175,25.0096097,121.4577792,ix_wsqq7bff,NW,ix_wsqq7bff,2
dt_wsqq5n9p9,0.7175,24.9979544,121.4223503,ix_wsqq5n9n,NW,ix_wsqq5n9n,2
dt_wsmc0uug1,0.7173,24.1086745,120.6254853,ix_wsmc0uug,SE,ix_wsmc0uv5,2
dt_wsqnnkprn,0.7173,24.9841283,121.2224135,ix_wsqnnkpt,NW,ix_wsqnnkpt,2
dt_wsj8f4rpc,0.7171,22.6455547,120.3319637,ix_wsj8f4rp,NW,ix_wsj8f4rp,3
dt_wsqqjug1m,0.7171,24.9872715,121.5461206,ix_wsqqjuen,NE,ix_wsqqjuen,1
dt_wsjsdmg20,0.717,23.3226192,120.3377256,ix_wsjsdmer,NW,ix_wsjsdmer,3
dt_wsqq7mp75,0.7169,25.0328915,121.441989,ix_wsqq7mp6,NW,ix_wsqq7mp6,3
dt_wsj6z9wyc,0.7167,22.9928131,120.2217184,ix_wsj6z9ww,NE,ix_wsj6z9ww,1
dt_wsmbbrv86,0.7164,24.0807061,120.6045824,ix_wsmbbrtx,NE,ix_wsmbbrtx,2
dt_wsj83xqeb,0.7163,22.5844262,120.3092531,ix_wsj83xqd,NW,ix_wsj83xqd,1
dt_wsj8er32u,0.7161,22.6278761,120.3791188,ix_wsj8er32,NW,ix_wsj8er32,2
dt_wsj8dxe8d,0.716,22.6291825,120.3491684,ix_wsj8dxe8,SW,ix_wsj8dxe8,1
dt_wsj6z1m30,0.7159,22.9904501,120.1976788,ix_wsj6z1m2,NW,ix_wsj6z1m2,2
dt_wsqqsr87s,0.7157,25.0906393,121.4763702,ix_wsqqsr8d,NW,ix_wsqqsr8d,2
dt_wsjn14q5m,0.7157,23.5676324,119.5836611,ix_wsjn14qm,SW,ix_wsjn14qm,2
dt_wsqnxgtqs,0.7156,25.0692122,121.2854581,ix_wsqnxgv3,SE,ix_wsqnxgv3,1
dt_wsqq7xekj,0.7153,25.0468054,121.4475666,ix_wsqq7xeq,SE,ix_wsqq7xeq,1
dt_wsqnngrdd,0.7152,24.9792564,121.2445453,ix_wsqnngr6,NE,ix_wsqnngr6,3
dt_wsjx3j1rq,0.7152,23.8031251,120.2802951,ix_wsjx3j1x,NW,ix_wsjx3j1x,2
dt_wsqj1z0q6,0.7149,24.8247082,121.0148528,ix_wsqj1z0m,NW,ix_wsqj1z0m,1
dt_wsqqsnx06,0.7149,25.0846152,121.4745608,ix_wsqqsnrm,NW,ix_wsqqsnrm,2
dt_wsmc9emp6,0.7149,24.1890268,120.6588212,ix_wsmc9emh,NW,ix_wsmc9emh,2
dt_wsm86espz,0.7148,23.9707839,120.3500574,ix_wsm86esp,NE,ix_wsm86esp,1
dt_wsm8r3j1q,0.7147,23.9559105,120.5601107,ix_wsm8r3j4,SE,ix_wsm8r3j4,2
dt_wsk5j6r07,0.7146,24.446028,118.3654773,ix_wsk5j6qb,SE,ix_wsk5j6qb,1
dt_wsqqw9m8c,0.7145,25.0558505,121.5823325,ix_wsqqw9m2,NE,ix_wsqqw9m2,3
dt_wsjts8nz5,0.7142,23.4680383,120.4415282,ix_wsjts8nz,SE,ix_wsjts8nz,1
dt_wsmc0tv9k,0.7142,24.1138446,120.6156663,ix_wsmc0tv9,SE,ix_wsmc0tv9,3
dt_wsqqsf9db,0.7142,25.0630414,121.4998651,ix_wsqqsf9d,NW,ix_wsqqsf9d,1
dt_wsqqe9kvd,0.7142,25.0566571,121.4494875,ix_wsqqe9mp,SW,ix_wsqqe9mp,4
dt_wsjqn4pu0,0.714,23.5663895,120.1571399,ix_wsjqn60n,SW,ix_wsjqn60n,1
dt_wsj89pwx8,0.7139,22.630404,120.2872708,ix_wsj89pwq,NE,ix_wsj89pwq,2
dt_wsqqksq3v,0.7139,25.0285453,121.4956371,ix_wsqqksq6,SE,ix_wsqqksnp,3
dt_wsmux2jt5,0.7139,24.6981566,120.9122442,ix_wsmux2jm,SE,ix_wsmux2jm,2
dt_wsjtsf83z,0.7139,23.4808628,120.4437714,ix_wsjtsf2n,NE,ix_wsjtsf2n,2
dt_wsjwyfj5d,0.7138,23.698147,120.5379656,ix_wsjwyfj4,NW,ix_wsjwyfj4,1
dt_wsj6xnz6c,0.7137,22.9770061,120.2004677,ix_wsj6xnz3,NW,ix_wsj6xnz3,2
dt_wsqq2n3dd,0.7136,25.0396585,121.2912365,ix_wsqq2n3v,SW,ix_wsqq2n3v,1
dt_wsjc1nhzf,0.7135,22.710086,120.6365003,ix_wsjc1nhy,NW,ix_wsjc1nhy,1
dt_wsmc9s520,0.7135,24.1919125,120.6563288,ix_wsmc9s50,SE,ix_wsmc9s5e,2
dt_wsmcbct8w,0.7135,24.2221993,120.6267105,ix_wsmcbct8,NW,ix_wsmcbct8,1
dt_wsj8fcdpg,0.7131,22.6414324,120.3581221,ix_wsj8fcdq,NW,ix_wsj8fcdq,2
dt_wsm8u8e24,0.7131,24.0408432,120.4366812,ix_wsm8u8e4,SE,ix_wsm8u8e4,2
dt_wsm9yku8w,0.7131,24.2400803,120.5154714,ix_wsm9yksx,NW,ix_wsm9yksx,3
dt_wsqqjdbcc,0.7131,24.9763561,121.5318751,ix_wsqqjdbc,NW,ix_wsqqjdbc,1
dt_wsjd83sqd,0.7131,22.9488122,120.2513064,ix_wsjd83sq,NW,ix_wsjd83sq,1
dt_wsjd9kvj0,0.7131,22.9664206,120.2962058,ix_wsjd9kvj,SW,ix_wsjd9kvj,1
dt_wsj6qtvdh,0.713,22.9274609,120.1762184,ix_wsj6qtvd,NW,ix_wsj6qtvd,3
dt_wsqq80kzt,0.713,25.0515062,121.2958138,ix_wsqq80kz,NW,ix_wsqq80kz,1
dt_wsnr7gnf6,0.7129,23.7913177,121.4632226,ix_wsnr7gnd,NE,ix_wsnr7gnd,1
dt_wevxucuyy,0.7128,22.4668269,120.4498965,ix_wevxucuz,SW,ix_wevxucuz,2
dt_wsqqshp2x,0.7128,25.0709221,121.4751128,ix_wsqqshp4,SE,ix_wsqqshp4,1
dt_wsqqks7db,0.7127,25.0287165,121.4916624,ix_wsqqks7f,NW,ix_wsqqks7f,3
dt_wsnrv19mz,0.7125,23.8715335,121.5108271,ix_wsnrv19q,SE,ix_wsnrv19q,2
dt_wsqt73tqm,0.7124,24.8384348,121.7908749,ix_wsqt73tm,NW,ix_wsqt73tm,1
dt_wsqqk4jm7,0.7124,25.0167984,121.472219,ix_wsqqk4jm,SE,ix_wsqqk4jm,2
dt_wsqqjdnv1,0.7123,24.9728218,121.5400917,ix_wsqqjdnt,NE,ix_wsqqjdnt,2
dt_wsmuxrs2d,0.7118,24.7385881,120.9104965,ix_wsmuxrs6,SE,ix_wsmuxrs6,1
dt_wsjdbs64p,0.7115,23.0070878,120.2594077,ix_wsjdbs6m,SW,ix_wsjdbs6m,1
dt_wsjdc43sp,0.7115,22.9964584,120.2806936,ix_wsjdc43u,SW,ix_wsjdc43u,2
dt_wsqqurffw,0.7111,25.1357765,121.4799036,ix_wsqqurff,SE,ix_wsqqurff,3
dt_wsqq6uzpx,0.711,25.0322792,121.4198388,ix_wsqq6uzn,NE,ix_wsqq6uzn,2
dt_wsqr46q1h,0.7109,25.1492557,121.3963698,ix_wsqr46q1,SE,ix_wsqr46q1,1
dt_wsjtsfp86,0.7107,23.4778456,120.4535167,ix_wsjtsfp8,NE,ix_wsjtsfp8,2
dt_wsqj0t3y4,0.7106,24.8150488,120.9619732,ix_wsqj0t3z,SW,ix_wsqj0t3z,1
dt_wsqqhw4dm,0.7104,24.9943163,121.4904887,ix_wsqqhw4b,NW,ix_wsqqhw4b,2
dt_wsqr6frxb,0.7104,25.1943685,121.4202243,ix_wsqr6fru,NW,ix_wsqr6fru,3
dt_wsj91xd3r,0.7104,22.7172366,120.3037196,ix_wsj91xdd,SW,ix_wsj91xdd,1
dt_wsqjytqdn,0.7103,24.9462026,121.2323601,ix_wsqjytqd,SE,ix_wsqjytqd,2
dt_wsnr7beh4,0.7102,23.7778648,121.4580717,ix_wsnr7bdu,SE,ix_wsnr7bdu,2
dt_wsj8pprz1,0.7102,22.5410362,120.5527075,ix_wsj8ppry,NW,ix_wsj8ppry,3
dt_wsmg1967v,0.71,24.4411227,120.6551793,ix_wsmg1969,NW,ix_wsmg1969,1
dt_wsmc8f8nc,0.7099,24.1848463,120.6189759,ix_wsmc8f8n,NE,ix_wsmc8f8n,3
dt_wsmc2qm2w,0.7099,24.1604082,120.6043941,ix_wsmc2qm3,SW,ix_wsmc2qm3,1
dt_wsjtfx1xc,0.7098,23.5505532,120.3463748,ix_wsjtfx38,SW,ix_wsjtfx38,2
dt_wsj6xwjvc,0.7097,22.9734314,120.220376,ix_wsj6xwjy,SE,ix_wsj6xwjy,2
dt_wsq2rjwxs,0.7094,23.9817257,121.6058,ix_wsq2rjwx,NE,ix_wsq2rjwx,1
dt_wsj91qkej,0.7087,22.7106689,120.2957273,ix_wsj91qks,SE,ix_wsj91qks,2
dt_wsm8t7mbe,0.7087,24.0120891,120.4731247,ix_wsm8t7mb,NE,ix_wsm8t7mb,2
dt_wsqq5zmry,0.7087,25.0021076,121.4613389,ix_wsqq5zmr,NE,ix_wsqq5zmr,1
dt_wsmb41r2n,0.7085,23.9131536,120.6840796,ix_wsmb41r9,SW,ix_wsmb41r9,1
dt_wsmc6r4fw,0.7083,24.1648824,120.6888835,ix_wsmc6r4g,SE,ix_wsmc6r4g,2
dt_wsj8ds8z7,0.7083,22.6138956,120.3454255,ix_wsj8ds8z,SW,ix_wsj8ds8z,1
dt_wsqn74bcp,0.7083,25.0201712,121.0706882,ix_wsqn74bb,NE,ix_wsqn74bb,1
dt_wsmux867j,0.7081,24.6991596,120.9188723,ix_wsmux86d,NW,ix_wsmux86d,2
dt_wsj8ds849,0.7081,22.6130551,120.3443084,ix_wsj8ds84,NE,ix_wsj8ds84,1
dt_wsqsdz20k,0.7081,24.7371646,121.7616483,ix_wsqsdz20,NE,ix_wsqsdz20,1
dt_wsj6x97mb,0.708,22.9473385,120.2168753,ix_wsj6x97p,SE,ix_wsj6x97p,3
dt_wsjd865d2,0.708,22.9508583,120.250169,ix_wsjd865d,NW,ix_wsjd865d,2
dt_wsq2rxq49,0.708,23.99048,121.6269538,ix_wsq2rxq2,NW,ix_wsq2rxq2,1
dt_wsjttj8xx,0.7079,23.4983069,120.4551238,ix_wsjttj8z,SW,ix_wsjttj8z,1
dt_wsq2x1gvf,0.7077,24.0047796,121.6019221,ix_wsq2x1gv,NW,ix_wsq2x1gv,2
dt_wsjwkdmwf,0.7076,23.6121852,120.4397703,ix_wsjwkdmw,NW,ix_wsjwkdmw,2
dt_wsjz35m0g,0.7072,23.7924012,120.6369141,ix_wsjz35m1,SE,ix_wsjz35m1,2
dt_wsmc3ufv5,0.7071,24.1529333,120.666751,ix_wsmc3ufy,SW,ix_wsmc3ufy,3
dt_wsqjw8pug,0.707,24.8738818,121.2339335,ix_wsqjw8pv,SE,ix_wsqjw8pv,2
dt_wsjd4jtzh,0.7069,22.883014,120.3303571,ix_wsjd4jtz,SW,ix_wsjd4jtz,1
dt_wsm8p45jt,0.7068,23.9181819,120.5463656,ix_wsm8p45j,SE,ix_wsm8p45j,1
dt_wsmb9b1wq,0.7068,23.9952316,120.6651638,ix_wsmb9b1w,SW,ix_wsmb9b1w,2
dt_wsn1s87g0,0.7067,22.7655793,121.1404336,ix_wsn1s87g,SE,ix_wsn1s87g,1
dt_wsqje6tqd,0.7066,24.8879001,121.0876501,ix_wsqje6tr,SE,ix_wsqje6tr,3
dt_wsj8c9433,0.7066,22.6375779,120.3034405,ix_wsj8c944,SE,ix_wsj8c944,1
dt_wsqj3cubj,0.7066,24.8387399,121.0211427,ix_wsqj3csv,NE,ix_wsqj3csv,1
dt_wsqquhcwy,0.7064,25.1200247,121.4671902,ix_wsqquhcw,SE,ix_wsqquhcw,1
dt_wsj6z44k6,0.7057,22.995127,120.1936092,ix_wsj6z44k,SW,ix_wsj6z44k,3
dt_wsmcd2k86,0.7055,24.1713483,120.6910829,ix_wsmcd2k3,SE,ix_wsmcd2k3,2
dt_wsj94e5u2,0.7054,22.6930105,120.3493885,ix_wsj94e5u,SW,ix_wsj94e5u,2
dt_wsqn7nd61,0.7053,25.0409471,121.0724698,ix_wsqn7n6r,NW,ix_wsqn7n6r,1
dt_wsj6zfy1g,0.7052,22.9988356,120.2317722,ix_wsj6zfy1,NW,ix_wsj6zfy1,3
dt_wsqqsbr8c,0.7052,25.0503331,121.5081537,ix_wsqqsbr9,SW,ix_wsqqsbr9,1
dt_wsje2ddu0,0.7052,23.085741,120.2601663,ix_wsje2ddt,SE,ix_wsje2ddt,1
dt_wsjs9tnnr,0.7052,23.3195686,120.3088479,ix_wsjs9tnj,NE,ix_wsjs9tnj,1
dt_wsmcvh2zf,0.705,24.2385836,120.8068062,ix_wsmcvh8b,SE,ix_wsmcvh8b,2
dt_wsqq99qzt,0.7049,25.0569858,121.3644887,ix_wsqq99qx,SE,ix_wsqq99qx,1
dt_wsjs9fqyy,0.7048,23.3045389,120.3208421,ix_wsjs9fqy,SE,ix_wsjs9fqy,2
dt_wsqnp1zqm,0.7047,24.9716316,121.2552967,ix_wsqnp1zq,SE,ix_wsqnp1zq,2
dt_wsqqky371,0.7047,25.0397313,121.499573,ix_wsqqky3t,SW,ix_wsqqky3t,1
dt_wsm8ret7f,0.7047,23.9700809,120.5712848,ix_wsm8retm,SW,ix_wsm8retm,2
dt_wsj8er6yw,0.7045,22.6288479,120.3812558,ix_wsj8er7n,NW,ix_wsj8er7n,1
dt_wsq2rnj6p,0.7045,23.9834997,121.6042,ix_wsq2rnj8,NW,ix_wsq2rnj8,2
dt_wsqjc6gsj,0.7044,24.9327878,120.9974894,ix_wsqjc6gt,SE,ix_wsqjc6gt,2
dt_wsjd2hc7v,0.704,22.9222865,120.2363472,ix_wsjd2hc7,NE,ix_wsjd2hc7,2
dt_wsqnp60dt,0.704,24.9723559,121.257011,ix_wsqnp60d,SE,ix_wsqnp60d,1
dt_wsqq4u116,0.7039,24.9831653,121.4113962,ix_wsqq4u11,NW,ix_wsqq4u11,3
dt_wsjd9jp48,0.7035,22.9673512,120.287959,ix_wsjd9jng,SE,ix_wsjd9jng,1
dt_wsqqqr6t6,0.7034,25.0456113,121.567279,ix_wsqqqr67,NE,ix_wsqqqr67,1
dt_wsqjw1rzb,0.7032,24.8812698,121.2118466,ix_wsqjw1rx,NE,ix_wsqjw1rx,3
dt_wsj6xw18t,0.7031,22.9725091,120.2147051,ix_wsj6xtcz,NW,ix_wsj6xtcz,2
dt_wsqqj7q05,0.7029,24.9788254,121.5281469,ix_wsqqj7np,NW,ix_wsqqj7np,1
dt_wsj6y6s2u,0.7028,22.9972892,120.1634945,ix_wsj6y6s3,SW,ix_wsj6y6s3,1
dt_wsj8cxrce,0.7028,22.6719342,120.3110763,ix_wsj8cz25,SW,ix_wsj8cz25,1
dt_wsjd8kn00,0.7028,22.9614595,120.2536231,ix_wsjd87yn,NW,ix_wsjd87yn,1
dt_wsj6ru1he,0.7027,22.9182691,120.2248964,ix_wsj6ru1h,SE,ix_wsj6ru1h,1
dt_wsj83xtrg,0.7027,22.5864849,120.307669,ix_wsj83xv0,SE,ix_wsj83xv0,1
dt_wsq2rm3vn,0.7022,23.9799216,121.6103295,ix_wsq2rm64,NW,ix_wsq2rm64,1
dt_wsm85cyw0,0.7022,23.916914,120.4081335,ix_wsm85cyt,NW,ix_wsm85cyt,2
dt_wsqs7e2fb,0.7021,24.6716678,121.7954682,ix_wsqs7e35,SW,ix_wsqs7e35,3
dt_wsjdb0crb,0.7019,22.9888653,120.2361178,ix_wsjdb0cw,NW,ix_wsjdb0cw,2
dt_wsjc2g90z,0.7018,22.7390901,120.6206042,ix_wsjc2g2z,NE,ix_wsjc2g2z,3
dt_wsj89msu7,0.7018,22.6188645,120.2959924,ix_wsj89msu,NE,ix_wsj89msu,3
dt_wsjn0un3w,0.7015,23.5769295,119.5730919,ix_wsjn0un9,SW,ix_wsjn0un9,2
dt_wsmc39yn5,0.7015,24.1366457,120.6602302,ix_wsmc39yj,NE,ix_wsmc39yj,1
dt_wsqsf168d,0.7014,24.7481785,121.7320684,ix_wsqsf162,SE,ix_wsqsf162,2
dt_wsqqsdb2q,0.7013,25.0640097,121.4874444,ix_wsqqsdb8,NW,ix_wsqqsdb8,2
dt_wsmc0ss88,0.7012,24.1068609,120.6141317,ix_wsmc0ss8,NW,ix_wsmc0skm,2
dt_wsj8dhp9p,0.7012,22.6100635,120.3328981,ix_wsj8dhpb,NW,ix_wsj8dhpb,2
dt_wsmc1uph9,0.7011,24.1048112,120.6725275,ix_wsmc1uph,NE,ix_wsmc1uph,2
dt_wsj9c0bbk,0.7011,22.8117907,120.2795577,ix_wsj9c0c1,SW,ix_wsj9c0c1,2
dt_wsqq4g9d7,0.701,24.9805735,121.4121419,ix_wsqq4g99,NW,ix_wsqq4g99,3
dt_wsjd86nem,0.701,22.9510345,120.2545405,ix_wsjd86n6,NE,ix_wsjd86n6,1
dt_wsmb6jhtq,0.7009,23.9785895,120.6802853,ix_wsmb6jhv,NW,ix_wsmb6jhv,1
dt_wsj8fc1tj,0.7008,22.6382114,120.3575121,ix_wsj8fc1t,SW,ix_wsj8fc1t,1
dt_wsqqk1v3b,0.7007,25.0148158,121.4720831,ix_wsqqk1v4,SE,ix_wsqqk1v4,1
dt_wsjtt1mn1,0.7006,23.4747222,120.4610245,ix_wsjtt1mn,SW,ix_wsjtt1mn,1
dt_wsj6z3bu5,0.7005,22.9937216,120.2025778,ix_wsj6z3c1,NW,ix_wsj6z3c1,1
dt_wsj6xd7gr,0.7003,22.9523776,120.217872,ix_wsj6xdk5,SW,ix_wsj6xdk5,1
dt_wsmccehee,0.7002,24.2309892,120.6581737,ix_wsmccehe,NW,ix_wsmccehe,2
dt_wsj9dtq0r,0.7002,22.7925901,120.352795,ix_wsj9dtq0,NE,ix_wsj9dtq0,1
dt_wsj7p6cde,0.7001,23.0428807,120.2036469,ix_wsj7p6cd,SW,ix_wsj7p6cd,2
dt_wsj8c11df,0.7001,22.6378311,120.2804904,ix_wsj8c11k,SE,ix_wsj8c11k,1
dt_wsjkppch7,0.7001,23.2464434,120.1919551,ix_wsjkppc5,NW,ix_wsjkppc5,1
dt_wsmdp1ce4,0.7001,24.2679483,120.5441501,ix_wsmdp1cs,SE,ix_wsmdp1cs,1
dt_wsjmqypwy,0.6999,23.4569709,120.1900426,ix_wsjmqypt,NW,ix_wsjmqypt,2
dt_wsqqjdbfw,0.6999,24.9764882,121.5320742,ix_wsqqjdbc,NE,ix_wsqqjdbc,2
dt_wsj8f2xh4,0.6998,22.6352917,120.3429563,ix_wsj8f2xh,SW,ix_wsj8f2xh,3
dt_wsj6x55s6-2,0.6998,22.9566624,120.1953544,ix_wsj6x55s,NW,ix_wsj6x55s,1
dt_wsj7m9p8w,0.6997,23.0769023,120.1350714,ix_wsj7m9pb,SW,ix_wsj7m9pb,3
dt_wsqqmk1pr,0.6997,25.028132,121.5214607,ix_wsqqmk1r,NW,ix_wsqqmk1r,2
dt_wsmc6kp06,0.6995,24.1479985,120.6945352,ix_wsmc67yz,NE,ix_wsmc67yz,1
dt_wsqq27j93,0.6995,25.0216042,121.3076765,ix_wsqq27j9,SW,ix_wsqq27j9,1
dt_wsqnyfwn8,0.6993,25.1076518,121.2423922,ix_wsqnyftz,SE,ix_wsqnyftz,2
dt_wsm8y6bhx,0.6992,24.0539827,120.5093632,ix_wsm8y6b1,NE,ix_wsm8y6b1,2
dt_wsjn1d95f,0.6989,23.5690752,119.5986668,ix_wsjn1d95,NE,ix_wsjn1d95,2
dt_wsqjxy0qz,0.6988,24.907184,121.2787548,ix_wsqjxy0q,SE,ix_wsqjxy0q,1
dt_wsjts9f6w,0.6986,23.4768782,120.4355089,ix_wsjts9fd,NW,ix_wsjts9fd,2
dt_wsm8yu5np,0.6984,24.0611045,120.53546,ix_wsm8yu5n,NE,ix_wsm8yu5n,1
dt_wsmgmrey4,0.6982,24.5197924,120.8219286,ix_wsmgmrev,NE,ix_wsmgmrev,2
dt_wsj8yes3f,0.698,22.6513767,120.525956,ix_wsj8yes6,SW,ix_wsj8yes6,2
dt_wevxv17hx,0.6979,22.4637137,120.4585223,ix_wevxv17j,SE,ix_wevxv17j,1
dt_wsjd8nku3,0.6977,22.974548,120.2409737,ix_wsjd8nku,SW,ix_wsjd8nku,2
dt_wsjs9g58m,0.6977,23.3075398,120.3163262,ix_wsjs9fgw,NE,ix_wsjs9fgw,1
dt_wsj94hk0s,0.6977,22.699246,120.3279315,ix_wsj94hk0,NW,ix_wsj94hk0,2
dt_wsje0sgxu,0.6976,23.0547767,120.2613623,ix_wsje0t53,SE,ix_wsje0t53,2
dt_wevxv862z,0.6975,22.4575868,120.4794917,ix_wevxv869,SW,ix_wevxv869,1
dt_wsqq7kzsp,0.6973,25.0316847,121.4424934,ix_wsqq7kzs,NE,ix_wsqq7kzs,3
dt_wsmc8cecq,0.6973,24.1783908,120.6243329,ix_wsmc8cs4,SW,ix_wsmc8cs4,3
dt_wsj6z9ej3,0.6972,22.9925447,120.2165954,ix_wsj6z9eh,NW,ix_wsj6z9eh,2
dt_wsmcd8hb0,0.6972,24.1699223,120.7023322,ix_wsmc6xux,NE,ix_wsmc6xux,3
dt_wsqq7mr9u,0.6971,25.0340279,121.4423592,ix_wsqq7mr3,NE,ix_wsqq7mr3,2
dt_wsm8yvh82,0.697,24.065607,120.5372088,ix_wsm8yvhf,SW,ix_wsm8yvhf,1
dt_wsj7nfnpt,0.6967,23.0396282,120.1879354,ix_wsj7nfnp,SE,ix_wsj7nfnp,2
dt_wsm9xqxuw,0.6966,24.2064352,120.5638866,ix_wsm9xqxu,NW,ix_wsm9xqxu,1
dt_wsqqv5k42,0.6966,25.1110232,121.5143029,ix_wsqqv5k2,NW,ix_wsqqv5k2,2
dt_wsqq9uqu4,0.6965,25.0728656,121.3753587,ix_wsqq9uqg,NW,ix_wsqq9uqg,2
dt_wsjts6gbu,0.6964,23.4820724,120.4264996,ix_wsjts6u0,NW,ix_wsjts6u0,2
dt_wsm9xg7xs,0.6962,24.1890832,120.5799362,ix_wsm9xg7z,NW,ix_wsm9xg7z,2
dt_wsmc8kr5p,0.6962,24.1938109,120.6068393,ix_wsmc8kr7,SW,ix_wsmc8kr7,1
dt_wsj7jxqbq,0.6962,23.06724,120.1340761,ix_wsj7jxr1,SW,ix_wsj7jxpn,3
dt_wsqq80s0q,0.6961,25.0516234,121.2948256,ix_wsqq80km,NW,ix_wsqq80km,1
dt_wsje08fqv,0.696,23.0326224,120.2596668,ix_wsje08fw,NW,ix_wsje08fw,2
dt_wsqny8prg,0.6959,25.0941101,121.2332337,ix_wsqny8pq,NW,ix_wsqny8pq,2
dt_wsj8c9xb2,0.6959,22.6401336,120.3109706,ix_wsj8cc85,SW,ix_wsj8cc85,1
dt_wsjs9d2rx,0.6957,23.3046779,120.3009743,ix_wsjs9d2r,NE,ix_wsjs9d2r,3
dt_wsjts9ypm,0.6956,23.4776696,120.4405978,ix_wsjts9yn,NW,ix_wsjts9yn,2
dt_wsj96z7ed,0.6952,22.7601928,120.36013,ix_wsj96z77,SE,ix_wsj96z77,1
dt_wsjtsv0du,0.6952,23.4947441,120.4439803,ix_wsjtsv0m,SE,ix_wsjtsv0m,2
dt_wsqn1f4r2,0.6952,24.9732066,121.0175088,ix_wsqn1f61,SE,ix_wsqn1f61,1
dt_wsmc1pt64,0.6951,24.1235882,120.6372063,ix_wsmc1ptj,SE,ix_wsmc1ptj,1
dt_wsmdpuwhb,0.695,24.2833689,120.5832153,ix_wsmdputv,SE,ix_wsmdputv,1
dt_wsj8cefwd,0.6949,22.6535762,120.3038303,ix_wsj8cefq,NE,ix_wsj8cefq,1
dt_wsj6z1ex1,0.6947,22.9928402,120.1952856,ix_wsj6z1eg,NW,ix_wsj6z1eg,2
dt_wsj6xusmh,0.6947,22.965064,120.2294307,ix_wsj6xusk,NW,ix_wsj6xusk,1
dt_wsjw1m33c,0.6943,23.5838367,120.2910739,ix_wsjw1m33,NW,ix_wsjw1m33,2
dt_wsj8ceevn,0.6938,22.6519604,120.3057397,ix_wsj8ceeu,NW,ix_wsj8ceeu,1
dt_wsqjqs270,0.6938,24.8530011,121.2235193,ix_wsqjqs26,NW,ix_wsqjqs26,2
dt_wsj91fcu8,0.6937,22.6916775,120.3137126,ix_wsj91fce,NE,ix_wsj91fcw,3
dt_wsjsg28qc,0.6936,23.3388673,120.3775907,ix_wsjsg28r,SE,ix_wsjsg28r,2
dt_wsjdbezk7,0.6935,23.0047436,120.2664552,ix_wsjdbezk,NE,ix_wsjdbezk,1
dt_wsqqwgwgx,0.6935,25.068685,121.5952798,ix_wsqqwgx4,NW,ix_wsqqwgx4,1
dt_wsj987k2z,0.6933,22.7816743,120.2515008,ix_wsj987k9,SW,ix_wsj987k9,1
dt_wsjs9d3s9,0.6929,23.3041699,120.3024226,ix_wsjs9d3s,NW,ix_wsjs9d3s,2
dt_wsqq6bu7r,0.6929,25.0095775,121.416085,ix_wsqq6bu0,NE,ix_wsqq6bu0,1
dt_wsj8ctdn3,0.6928,22.6631427,120.3031083,ix_wsj8ctdj,NW,ix_wsj8ctdj,4
dt_wsj8f4p5p,0.6926,22.643372,120.3321992,ix_wsj8f4p5,SE,ix_wsj8f4p5,3
dt_wsm8yg1ft,0.6919,24.0550172,120.5336243,ix_wsm8yg1f,NW,ix_wsm8yg1f,1
dt_wsjsevkj4,0.6918,23.3207237,120.4047551,ix_wsjsevkh,NW,ix_wsjsevkh,1
dt_wsj8c66sv,0.6916,22.6450506,120.2929689,ix_wsj8c66e,NE,ix_wsj8c66e,2
dt_wsqheswjj,0.6915,24.722878,121.0997962,ix_wsqhesvb,SE,ix_wsqhesvb,2
dt_wsj8u4zy1,0.6914,22.6479889,120.4208513,ix_wsj8u4zy,NW,ix_wsj8u4zy,2
dt_wsj8d9hz1,0.6914,22.5946166,120.3508248,ix_wsj8d9jp,SW,ix_wsj8d9jp,1
dt_wsjtt00nm,0.6913,23.4678919,120.4543434,ix_wsjtt00q,NW,ix_wsjtt00q,3
dt_wsmc6xedc,0.6911,24.1676716,120.7006744,ix_wsmc6xe6,NE,ix_wsmc6xe6,3
dt_wsjwycm7b,0.6909,23.69407,120.5382499,ix_wsjwycmh,SE,ix_wsjwycmh,2
dt_wsmc6j6hv,0.6909,24.1556696,120.6768027,ix_wsmc6j6m,SW,ix_wsmc6j6m,3
dt_wsqnjg6k7,0.6905,24.9795203,121.1934144,ix_wsqnjg6k,SW,ix_wsqnjg6k,1
dt_wsj6zn420,0.6903,23.0163602,120.1935446,ix_wsj6zjfp,NE,ix_wsj6zjfp,1
dt_wsj8dpmp4,0.6902,22.6289221,120.3292431,ix_wsj8dpmp,SW,ix_wsj8dpmp,2
dt_wsmc6xyd8,0.6901,24.1690097,120.7047415,ix_wsmc6xyt,SW,ix_wsmc6xyt,1
dt_wsj94n45d,0.69,22.7093524,120.3251053,ix_wsj94n1g,NE,ix_wsj94n1g,3
dt_wsjt96pjs,0.69,23.478754,120.2991009,ix_wsjt96ng,NE,ix_wsjt96ng,1
dt_wsjts9n51,0.6898,23.4728348,120.440421,ix_wsjts9nk,SW,ix_wsjts9nk,1
dt_wsjt9d4tp,0.6897,23.4786431,120.3040595,ix_wsjt9d4m,NE,ix_wsjt9d4m,1
dt_wsqnsb6h8,0.6897,25.0510076,121.1489976,ix_wsqnsb3u,NE,ix_wsqnsb3u,2
dt_wsj7p1rwy,0.6897,23.035373,120.2010122,ix_wsj7p1rx,SW,ix_wsj7p1rx,2
dt_wsj99u4u3,0.6895,22.7864063,120.3151285,ix_wsj99u4v,SE,ix_wsj99u4v,2
dt_wsj858jfp,0.6895,22.5003672,120.3963827,ix_wsj858jg,SE,ix_wsj858jg,1
dt_wsm8y4qm3,0.6892,24.0513654,120.5066958,ix_wsm8y4qk,NW,ix_wsm8y4qh,4
dt_wsjteuj6e,0.6892,23.4892212,120.4065351,ix_wsjteuj7,SW,ix_wsjteuj7,3
dt_wsj89et0d,0.6891,22.6072235,120.3072634,ix_wsj89et0,NW,ix_wsj89esc,3
dt_wsj83y8vn,0.6889,22.5805136,120.3125985,ix_wsj83y8v,SE,ix_wsj83y8v,3
dt_wsmcd3rre,0.6888,24.1781021,120.6949293,ix_wsmcd3rm,NW,ix_wsmcd3rm,2
dt_wsj86r16g,0.6887,22.5828926,120.3351172,ix_wsj86r17,SW,ix_wsj86r17,1
dt_wsqqkvvr5,0.6887,25.0376953,121.5051825,ix_wsqqkvvr,SE,ix_wsqqkvvr,2
dt_wsjd2jy3z,0.6885,22.9274175,120.2432989,ix_wsjd2jy6,SE,ix_wsjd2jy6,2
dt_wsqnjvdu6,0.6883,24.991903,121.1940796,ix_wsqnjvds,SE,ix_wsqnjvds,3
dt_wsm8r8rhf,0.6882,23.9523942,120.5737049,ix_wsm8r8rr,SW,ix_wsm8r8rr,1
dt_wsqqk1yn7,0.688,25.0155931,121.4732326,ix_wsqqk1yj,NW,ix_wsqqk1yj,1
dt_wsj6y37ty,0.688,22.9912921,120.1625772,ix_wsj6y3e2,SE,ix_wsj6y3e2,2
dt_wsqq5dczc,0.6879,24.9773797,121.4453236,ix_wsqq5e18,SE,ix_wsqq5e18,1
dt_wsn1sbng2,0.6879,22.7642406,121.155518,ix_wsn1sbne,SE,ix_wsn1sbne,2
dt_wsj996yy6,0.6878,22.7798765,120.2986891,ix_wsj996yy,SW,ix_wsj996yy,1
dt_wsqj0tjwr,0.6877,24.8137157,120.967339,ix_wsqj0tjy,SW,ix_wsqj0tjy,1
dt_wsqjtq1x0,0.6873,24.9072104,121.1702887,ix_wsqjtq1q,NE,ix_wsqjtq1q,1
dt_wsj8ch4tr,0.6872,22.6547205,120.2820906,ix_wsj8ch4m,SE,ix_wsj8ch4m,1
dt_wsmcdzgfr,0.6872,24.2129217,120.712242,ix_wsmcdzgg,SE,ix_wsmcdzgg,1
dt_wsqne2m7r,0.6871,25.0507712,121.0878722,ix_wsqne2mm,SE,ix_wsqne2mm,3
dt_wsj89up9s,0.687,22.610149,120.3217512,ix_wsj89up9,SW,ix_wsj89up9,2
dt_wsmc3ks1x,0.6867,24.1509626,120.64667,ix_wsmc3ks2,NW,ix_wsmc3ks2,1
dt_wsqqczcuc,0.6867,25.1361703,121.3684419,ix_wsqqczcu,NW,ix_wsqqczcu,1
dt_wsqqmrdfj,0.6867,25.0464643,121.5237699,ix_wsqqmrdc,NW,ix_wsqqmrdc,3
dt_wsqnz3xf9,0.6866,25.1014493,121.2668275,ix_wsqnz3xs,SE,ix_wsqnz3xs,2
dt_wsj9bxs4n,0.6865,22.8491834,120.2621111,ix_wsj9bxs3,NW,ix_wsj9bxs3,2
dt_wsq2rt9h5,0.6865,23.9811017,121.6201562,ix_wsq2rt9j,SW,ix_wsq2rt9j,1
dt_wsqnjdbqc,0.6863,24.9772383,121.1796217,ix_wsqnjdbp,SE,ix_wsqnjdbp,1
dt_wsqnq3wyc,0.6861,25.0142872,121.2214896,ix_wsqnq3wz,SW,ix_wsqnq3wz,2
dt_wsqsdyc1k,0.686,24.7345791,121.7630402,ix_wsqsdyc1,NE,ix_wsqsdyc1,1
dt_wsqqt83b0,0.6859,25.0502244,121.5331656,ix_wsqqt81x,NE,ix_wsqqt81x,2
dt_wsqqseppp,0.6858,25.0665499,121.4967573,ix_wsqqsepn,NE,ix_wsqqsepn,1
dt_wsj6z0src,0.6857,22.9875147,120.1963231,ix_wsj6z0sr,NW,ix_wsj6z0sr,1
dt_wsjt658es,0.6856,23.4427171,120.3231623,ix_wsjt658s,SE,ix_wsjt658s,2
dt_wsj8kpxrx,0.6853,22.5864596,120.4204415,ix_wsj8kpxr,NE,ix_wsj8kpxr,1
dt_wsqqxfxnr,0.6853,25.0636556,121.6395616,ix_wsqqxfxj,NE,ix_wsqqxfxj,1
dt_wsmcdu873,0.6853,24.1952275,120.7071979,ix_wsmcdu87,SE,ix_wsmcdu87,1
dt_wsqqjjgb0,0.6852,24.9925463,121.5139531,ix_wsqqjjex,NE,ix_wsqqjjex,2
dt_wsm8zncwy,0.6852,24.0763345,120.5443463,ix_wsm8zncw,NE,ix_wsm8zncw,1
dt_wsmfck1t9,0.6847,24.4126073,120.6429935,ix_wsmfck1t,NW,ix_wsmfck1t,1
dt_wsqqqn8hn,0.6846,25.0412915,121.5529996,ix_wsqqqn8h,SE,ix_wsqqqn8h,1
dt_wsj98ypcg,0.6844,22.7969491,120.2781466,ix_wsj98ypc,NW,ix_wsj98ypc,2
dt_wsq90pk5p,0.6842,24.1223872,121.6464511,ix_wsq90pk3,NW,ix_wsq90pk3,2
dt_wsqqw0rgm,0.6842,25.0507848,121.5635964,ix_wsqqw0ry,SE,ix_wsqqw0ry,1
dt_wsjs9e0wj,0.6841,23.3085279,120.3012138,ix_wsjs9e0x,SW,ix_wsjs9e0x,2
dt_wsjxyucrb,0.684,23.8897636,120.5327298,ix_wsjxyucx,NW,ix_wsjxyucx,1
dt_wsmc93e5u,0.6839,24.1788325,120.6451974,ix_wsmc93e5,SE,ix_wsmc93e5,1
dt_wsj964zcb,0.6838,22.7351482,120.3329223,ix_wsj964z8,NE,ix_wsj964z8,4
dt_wsqqx0z1f,0.6837,25.0532595,121.6064181,ix_wsqqx0z1,NW,ix_wsqqx0z1,1
dt_wsjxh016x,0.6835,23.7309233,120.4121856,ix_wsjxh010,NE,ix_wsjxh010,1
dt_wsn1kxw4r,0.6834,22.7613538,121.1438094,ix_wsn1kxw6,NW,ix_wsn1kxw6,1
dt_wsqj36sg0,0.6834,24.8433632,120.9989567,ix_wsqj36tj,SW,ix_wsqj36tj,1
dt_wsmc8etxv,0.6831,24.1904893,120.6156786,ix_wsmc8etv,NW,ix_wsmc8etv,1
dt_wsqqw7rew,0.6831,25.0672874,121.5743029,ix_wsqqw7ru,SW,ix_wsqqw7ru,1
dt_wsj7rruwd,0.6829,23.1149967,120.2076923,ix_wsj7rruq,SE,ix_wsj7rruq,1
dt_wsj963bw0,0.6824,22.7303938,120.3339465,ix_wsj963bq,SE,ix_wsj963bq,2
dt_wsj8cy5dh,0.6823,22.6651684,120.3162875,ix_wsj8cy5f,NW,ix_wsj8cy5f,1
dt_wsqnjsex4,0.6821,24.9868912,121.1840925,ix_wsqnjses,NW,ix_wsqnjses,1
dt_wsmbfq8nv,0.6818,24.0749627,120.6850615,ix_wsmbfqb0,SE,ix_wsmbfqb0,1
dt_wsm9rwpsd,0.6815,24.1597193,120.574373,ix_wsm9rwpw,SW,ix_wsm9rwpw,1
dt_wsj6z342b,0.6813,22.9890294,120.2045165,ix_wsj6z342,SW,ix_wsj6z342,2
dt_wsqq9yvtq,0.681,25.0868431,121.3738095,ix_wsqq9yvs,NE,ix_wsqq9yvx,2
dt_wsj6z5f62,0.6809,23.0043949,120.1935579,ix_wsj6z5f3,NW,ix_wsj6z5f3,1
dt_wsqqt4e7w,0.6807,25.0631645,121.513542,ix_wsqqt4ed,NW,ix_wsqqt4ed,1
dt_wsqq02f7t,0.6807,24.9656824,121.3033614,ix_wsqq02f7,NW,ix_wsqq02f7,1
dt_wsj92czc3,0.6806,22.7295675,120.2780403,ix_wsj92czf,SW,ix_wsj92czf,2
dt_wsjts9fdm,0.6805,23.4767973,120.4358024,ix_wsjts9fd,SE,ix_wsjts9fd,2
dt_wsn5w3zk9,0.6803,23.1256591,121.2221946,ix_wsn5w3zd,NW,ix_wsn5w3zd,1
dt_wsmc8cs5d,0.68,24.1787906,120.6244896,ix_wsmc8cs4,NE,ix_wsmc8cs4,2
dt_wsqns31cj,0.6799,25.0545224,121.1268924,ix_wsqns31u,SW,ix_wsqns31u,1
dt_wsqqkvd86,0.6798,25.0351524,121.5013346,ix_wsqqkvd2,SE,ix_wsqqkvd2,2
dt_wsqrrytwb,0.6798,25.2175533,121.6372118,ix_wsqrrytw,NW,ix_wsqrrytw,3
dt_wevy7g12m,0.6795,22.2089304,120.7527009,ix_wevy7fcr,NW,ix_wevy7fcr,2
dt_wsqjyjwb4,0.6794,24.947247,121.2105518,ix_wsqjyjw8,NE,ix_wsqjyjw8,1
dt_wsj8xkng8,0.6794,22.6104763,120.5622516,ix_wsj8xkng,NW,ix_wsj8xkng,2
dt_wsmgdt7r5,0.6793,24.5515416,120.7004161,ix_wsmgdt7q,NW,ix_wsmgdt7q,1
dt_wsj7pbdq1,0.6793,23.0311362,120.2265471,ix_wsj7pbdn,SE,ix_wsj7pbdn,2
dt_wsjdb69pd,0.6791,22.9984481,120.2468589,ix_wsjdb6c0,SE,ix_wsjdb6c0,2
dt_wsjxjgq89,0.6788,23.748445,120.4960658,ix_wsjxjgq8,SW,ix_wsjxjgq8,2
dt_wsmc6hp4h,0.6788,24.1482977,120.6836132,ix_wsmc6hp1,NE,ix_wsmc6hp1,2
dt_wsqq80s9f,0.6787,25.0518843,121.2953465,ix_wsqq80kz,NW,ix_wsqq80kz,1
dt_wsj8tb5sv,0.6786,22.588735,120.4921008,ix_wsj8tb5t,SW,ix_wsj8tb5t,1
dt_wsqj47bmb,0.6786,24.8067766,121.036726,ix_wsqj47bt,NW,ix_wsqj47bt,1
dt_wsqhct369,0.6784,24.770495,121.0051856,ix_wsqhct3e,SW,ix_wsqhct1x,3
dt_wsj6z85ju,0.6783,22.984422,120.2167337,ix_wsj6z85p,SE,ix_wsj6z85p,1
dt_wsj6yvyew,0.6782,23.0156174,120.1886614,ix_wsj6yvyg,NW,ix_wsj6yvyg,3
dt_wsmbf3mxu,0.6781,24.0462907,120.6925498,ix_wsmbf3t8,SE,ix_wsmbf3t8,3
dt_wsj94gdnk,0.6779,22.6960857,120.3581815,ix_wsj94gdn,SW,ix_wsj94gdn,1
dt_wsmc3rh13,0.6778,24.1646793,120.6464085,ix_wsmc3qgz,NE,ix_wsmc3qgz,2
dt_wsqqm6unc,0.6776,25.0211621,121.5253268,ix_wsqqm6um,NW,ix_wsqqm6um,2
dt_wsjzfptq8,0.6775,23.9046256,120.6810796,ix_wsjzfptn,SE,ix_wsjzfptn,3
dt_wsj9s7530,0.6775,22.7803471,120.4256317,ix_wsj9s753,SW,ix_wsj9s753,1
dt_wsqqsr1kb,0.6775,25.0881361,121.4775763,ix_wsqqsr15,NE,ix_wsqqsr15,1
dt_wsj6wy51b,0.6774,22.9727388,120.1836,ix_wsj6wy5h,SW,ix_wsj6wy5h,2
dt_wsqjshvq4,0.6772,24.9002018,121.1206025,ix_wsqjshvq,SE,ix_wsqjshvq,1
dt_wsqqetsd0,0.6772,25.0794083,121.4490597,ix_wsqqets7,SE,ix_wsqqets7,3
dt_wsqq0x325,0.6772,25.0007954,121.3128909,ix_wsqq0x1n,NE,ix_wsqq0x1n,1
dt_wsqmcx3cd,0.677,24.9570852,121.3574823,ix_wsqmcx39,NE,ix_wsqmcx39,1
dt_wsmc6eqkp,0.677,24.1445494,120.7046916,ix_wsmc6eq7,NE,ix_wsmc6eq7,2
dt_wsjdb92yg,0.677,22.9914388,120.2575314,ix_wsjdb92y,NW,ix_wsjdb92y,1
dt_wsjbb3sjd,0.6768,22.6410581,120.6025312,ix_wsjbb3sn,SE,ix_wsjbb3sn,2
dt_wsj6y8yck,0.6767,22.9877397,120.1779282,ix_wsj6y8yc,SW,ix_wsj6y8yc,2
dt_wsj8d9kjh,0.6767,22.5956304,120.3499102,ix_wsj8d9kn,SW,ix_wsj8d9kn,2
dt_wsmc6e3k6,0.6766,24.1445824,120.6976102,ix_wsmc6e3h,SE,ix_wsmc6e3h,1
dt_wsqs70nhq,0.6766,24.6540533,121.7809899,ix_wsqs70n5,NE,ix_wsqs70n5,1
dt_wsmc479vj,0.6764,24.1021235,120.6874379,ix_wsmc479y,SW,ix_wsmc479y,2
dt_wsqw8626n,0.6764,25.0615572,121.6522297,ix_wsqw8626,SE,ix_wsqw8626,1
dt_wsm9pd7uw,0.6763,24.0951763,120.569415,ix_wsm9pdkh,NW,ix_wsm9pdkh,4
dt_wsqqmjnt0,0.6763,25.0332467,121.517734,ix_wsqqmjng,NW,ix_wsqqmjng,1
dt_wsj89ppuc,0.6762,22.6271996,120.2890269,ix_wsj89pps,NE,ix_wsj89pps,2
dt_wsj8dnqek,0.6761,22.6228016,120.3314037,ix_wsj8dnqd,NE,ix_wsj8dnqd,2
dt_wsj8czsc6,0.676,22.6732718,120.31792,ix_wsj8czsg,SW,ix_wsj8czsg,2
dt_wsqqt1kzw,0.6758,25.0569827,121.5155924,ix_wsqqt1kz,SE,ix_wsqqt1kz,2
dt_wsjt23c1v,0.6755,23.4327864,120.2469842,ix_wsjt23c1,SE,ix_wsjt23c1,3
dt_wsqqmebtg,0.6755,25.0264743,121.5316093,ix_wsqqmebu,NW,ix_wsqqmebu,2
dt_wsmc60v5t,0.6754,24.1307078,120.6809337,ix_wsmc60v5,NW,ix_wsmc60v5,3
dt_wsmc4hby9,0.6752,24.1092754,120.6749162,ix_wsmc4hbx,SE,ix_wsmc4hbx,3
dt_wsj8drkzz,0.6751,22.6290523,120.3401127,ix_wsj8drsd,SE,ix_wsj8drsd,1
dt_wsqqt6rxn,0.6751,25.0624126,121.5303391,ix_wsqqt6rx,SE,ix_wsqqt6rx,1
dt_wsje31vbj,0.6751,23.0809246,120.2864493,ix_wsje31wp,NW,ix_wsje31wp,1
dt_wsqqwf6tr,0.6749,25.0621029,121.5894362,ix_wsqqwf6u,NW,ix_wsqqwf6u,1
dt_wsm9jz72t,0.6749,24.1219825,120.491758,ix_wsm9jz72,NE,ix_wsm9jz72,2
dt_wsjd83kjq,0.6748,22.947234,120.2511285,ix_wsjd83km,SW,ix_wsjd83km,1
dt_wsj6ydher,0.6748,22.9949656,120.1749606,ix_wsj6ydh6,NE,ix_wsj6ydh6,1
dt_wsj6yyun0,0.6747,23.0215099,120.1849511,ix_wsj6yyun,SW,ix_wsj6yyun,1
dt_wsjd0nwmb,0.6744,22.8882934,120.2429585,ix_wsjd0nwj,NE,ix_wsjd0nwj,2
dt_wsj94ce3n,0.6744,22.6842326,120.3599749,ix_wsj94c7x,NW,ix_wsj94c7x,1
dt_wsmgdt4yb,0.6744,24.550126,120.6996182,ix_wsmgdt4x,SE,ix_wsmgdt4x,2
dt_wsqjw72k8,0.6743,24.8916899,121.2125122,ix_wsqjw72h,NE,ix_wsqjw72h,1
dt_wsqq2800b,0.6742,25.0050246,121.3110458,ix_wsqq0xbn,NW,ix_wsqq0xbn,3
dt_wsm8ucsg9,0.6741,24.0469557,120.4497234,ix_wsm8ucsg,NE,ix_wsm8ucsg,3
dt_wsqjyt7y3,0.6741,24.9469096,121.2283781,ix_wsqjyt7y,NW,ix_wsqjyt7y,1
dt_wsm8m9v00,0.6741,23.9598167,120.482942,ix_wsm8m9v0,SW,ix_wsm8m9v0,1
dt_wsm9xxskn,0.674,24.2118407,120.5700848,ix_wsm9xxst,SW,ix_wsm9xxst,1
dt_wsm8snuzp,0.6739,24.0324311,120.4169842,ix_wsm8snuy,NW,ix_wsm8snuy,1
dt_wsj8fdk7r,0.6738,22.6447572,120.3504078,ix_wsj8fdke,SW,ix_wsj8fdke,2
dt_wsj8dh2q2,0.6737,22.6123375,120.3226469,ix_wsj8dh2n,NE,ix_wsj8dh2n,1
dt_wsqn7zmxu,0.6737,25.0460577,121.1100268,ix_wsqn7zmx,NW,ix_wsqn7zmx,3
dt_wsj7jct4v,0.6736,23.0360794,120.142603,ix_wsj7jcsg,SE,ix_wsj7jcsg,1
dt_wsqqm7e2c,0.6736,25.0242437,121.5243005,ix_wsqqm77w,NW,ix_wsqqm77w,2
dt_wsjdbyhug,0.6736,23.0171915,120.2740067,ix_wsjdbyhu,NW,ix_wsjdbyhu,2
dt_wsm8m9kgf,0.6735,23.9577446,120.4827104,ix_wsm8m9m5,NW,ix_wsm8m9m5,2
dt_wsj7jufus,0.6734,23.0542222,120.1394731,ix_wsj7jugh,SW,ix_wsj7jugh,3
dt_wsqnptv6d,0.6734,24.9929911,121.2744012,ix_wsqnptv1,NE,ix_wsqnptv1,1
dt_wsmc1tg9e,0.6733,24.1138924,120.6568006,ix_wsmc1tg3,NE,ix_wsmc1tg3,1
dt_wsjts37s9,0.6732,23.4744435,120.4260343,ix_wsjts37s,SE,ix_wsjts37s,1
dt_wsjdb6wy5,0.6731,22.9981985,120.2547926,ix_wsjdb6wy,SE,ix_wsjdb6wy,1
dt_wsjt3wr9y,0.6731,23.4574998,120.3108757,ix_wsjt3wrc,NW,ix_wsjt3wrc,2
dt_wsj8f5ece,0.6728,22.6513379,120.327584,ix_wsj8f5ec,SE,ix_wsj8f5ec,2
dt_wsj83vn0w,0.6727,22.5715101,120.3197822,ix_wsj83vn3,SW,ix_wsj83vn3,1
dt_wsqqdpthn,0.6727,25.0907345,121.3841028,ix_wsqqdpsy,SE,ix_wsqqdpsy,2
dt_wsm9k3pnd,0.6725,24.1326183,120.430849,ix_wsm9k3pk,NW,ix_wsm9k3pk,1
dt_wsj6zdxnu,0.6722,22.9983308,120.2222175,ix_wsj6zdxp,SE,ix_wsj6zdxp,1
dt_wsj6xy9j0,0.6721,22.9760333,120.2247989,ix_wsj6xy9h,NW,ix_wsj6xy9h,2
dt_wsqq0f96d,0.6721,24.9751154,121.3238564,ix_wsqq0f94,SE,ix_wsqq0f94,1
dt_wsj8g0s0j,0.672,22.6346158,120.3719426,ix_wsj8g0s0,SE,ix_wsj8g0s0,1
dt_wsj7pxrv7,0.6719,23.0680946,120.2231848,ix_wsj7pxrt,NE,ix_wsj7pxrt,5
dt_wsj6zest7,0.6718,23.0035582,120.2187358,ix_wsj6zess,NW,ix_wsj6zess,1
dt_wsmcgnunt,0.6716,24.2520812,120.7235191,ix_wsmcgnup,SW,ix_wsmcgnup,1
dt_wsmuj252q,0.6716,24.609441,120.8213724,ix_wsmuj258,NW,ix_wsmuj258,1
dt_wsj852jsq,0.6714,22.5007513,120.385031,ix_wsj852jv,SW,ix_wsj852jv,1
dt_wevvdcmpr,0.6711,22.0686716,120.7139548,ix_wevvdcmp,NE,ix_wevvdcmp,2
dt_wsq2ppcy6,0.6709,23.9499045,121.5992087,ix_wsq2ppcs,NE,ix_wsq2ppcs,1
dt_wsqqm85sx,0.6709,25.0056731,121.5359028,ix_wsqqm85y,SW,ix_wsqqm85y,2
dt_wsje80089,0.6709,23.1153307,120.2351052,ix_wsje8008,SW,ix_wsje8008,2
dt_wsqjqxu5u,0.6709,24.8723416,121.2288113,ix_wsqjqxuh,SE,ix_wsqjqxuh,1
dt_wsqqkzzr2,0.6708,25.0487284,121.5077598,ix_wsqqkzzn,NE,ix_wsqqkzzn,2
dt_wsjd8bz0y,0.6707,22.9437293,120.2772192,ix_wsjd8bxn,NW,ix_wsjd8bxn,3
dt_wsj9mc1k8,0.6704,22.7260279,120.4887838,ix_wsj9mc1h,NE,ix_wsj9mc1h,2
dt_wsm9xxskw,0.6704,24.2119053,120.5700679,ix_wsm9xxst,SW,ix_wsm9xxst,1
dt_wsj8cgfuh,0.6702,22.6531232,120.3152444,ix_wsj8cgfu,SE,ix_wsj8cgfu,1
dt_wsq2rnj9n,0.6701,23.9833519,121.6045259,ix_wsq2rnj8,NE,ix_wsq2rnj8,1
dt_wsqjwhzr6,0.6699,24.9004024,121.2112219,ix_wsqjwhzn,NE,ix_wsqjwhzn,3
dt_wsqnp16tt,0.6699,24.9687682,121.2487753,ix_wsqnp16t,NW,ix_wsqnp16t,2
dt_wsjxydb7s,0.6698,23.8780523,120.5205488,ix_wsjxydb7,SW,ix_wsjxydb7,2
dt_wsj9996mk,0.6698,22.7714431,120.3035808,ix_wsj9996k,NE,ix_wsj9996k,1
dt_wsm8p858h,0.6694,23.9062547,120.5689832,ix_wsjxzxgx,NE,ix_wsjxzxgx,3
dt_wsqj3r4hu,0.6689,24.8683707,120.9953882,ix_wsqj3r1y,SE,ix_wsqj3r1y,1
dt_wsqqqxg73,0.6689,25.0480226,121.5792381,ix_wsqqqxg7,SE,ix_wsqqqxg7,1
dt_wsnrubz2s,0.6689,23.8665265,121.5079431,ix_wsnrubxr,NW,ix_wsnrubxr,1
dt_wsj8f40kb,0.6684,22.6436552,120.3226411,ix_wsj8f40h,NE,ix_wsj8f40h,2
dt_wsmdp5s4r,0.6683,24.2774578,120.5477885,ix_wsmdp5s2,NW,ix_wsmdp5s2,2
dt_wsj6zp115,0.6679,23.0220429,120.1919376,ix_wsj6zp11,SW,ix_wsj6zp11,2
dt_wsmc3bn9v,0.6677,24.1262925,120.6719839,ix_wsmc3bnd,SW,ix_wsmc3bnd,1
dt_wsjeb71jz,0.6676,23.1766611,120.2470726,ix_wsjeb71q,SW,ix_wsjeb71q,1
dt_wsmc1yub6,0.6676,24.1191954,120.6694823,ix_wsmc1ytp,NW,ix_wsmc1ytp,2
dt_wsj9mc9ke,0.6675,22.7287417,120.4889196,ix_wsj9mc9h,NE,ix_wsj9mc9h,2
dt_wsj6ygbrj,0.6673,23.0052185,120.1800087,ix_wsj6ygbq,NW,ix_wsj6ygbq,1
dt_wsm9q1wcp,0.6673,24.1344304,120.5076543,ix_wsm9q1wc,SE,ix_wsm9q1wc,2
dt_wevxwkxqv,0.6672,22.4380113,120.5192273,ix_wevxwkzd,SW,ix_wevxwkzd,2
dt_wsj8euwj5,0.667,22.6135039,120.4075747,ix_wsj8euwj,SW,ix_wsj8euwj,1
dt_wsj9dguvg,0.6669,22.7852949,120.3618878,ix_wsj9dgvn,SW,ix_wsj9dgvn,1
dt_wsqq0ppst,0.6666,25.0002013,121.2996089,ix_wsqq0ppt,SW,ix_wsqq0ppt,1
dt_wsqnh1vue,0.6665,24.971356,121.1213084,ix_wsqnh1vv,SE,ix_wsqnh1vv,2
dt_wsj967gkr,0.666,22.7410678,120.3380237,ix_wsj967gk,SE,ix_wsj967gk,1
dt_wsje05qyq,0.6658,23.0462723,120.2439067,ix_wsje05qy,NE,ix_wsje05qy,1
dt_wsqqmj6xf,0.6658,25.0350873,121.5123317,ix_wsqqmjd9,SW,ix_wsqqmjd9,1
dt_wsj8cjdd7,0.6658,22.6624662,120.2818896,ix_wsj8cjde,SE,ix_wsj8cjde,4
dt_wsjxmhtzr,0.6657,23.800402,120.4623198,ix_wsjxmhtt,NE,ix_wsjxmhtt,1
dt_wsqqbjh9b,0.6657,25.1205517,121.2952776,ix_wsqqbjhc,NW,ix_wsqqbjhc,1
dt_wsmcdu1fp,0.6657,24.1922434,120.7095225,ix_wsmcdu1s,SE,ix_wsmcdu1s,3
dt_wsjdjvt6b,0.6657,22.8822665,120.4942949,ix_wsjdjvt5,SE,ix_wsjdjvt5,1
dt_wsj9bh8pu,0.6656,22.833689,120.2345552,ix_wsj9bh8p,NW,ix_wsj9bh8p,2
dt_wsjz0tugp,0.6656,23.7625936,120.6147661,ix_wsjz0tug,SE,ix_wsjz0tug,1
dt_wsjxy6hvu,0.6655,23.8742801,120.5157589,ix_wsjxy6hv,SW,ix_wsjxy6hv,3
dt_wsje094q3,0.6655,23.0339407,120.2594896,ix_wsje094r,SW,ix_wsje094r,2
dt_wsj9y04gg,0.6654,22.8082746,120.5019893,ix_wsj9y04u,SE,ix_wsj9y04u,2
dt_wsjs97zhc,0.6653,23.3124632,120.2989892,ix_wsjs97yv,SE,ix_wsjs97yv,1
dt_wsjebk1ux,0.6652,23.1819253,120.248069,ix_wsjebk1u,NE,ix_wsjebk1u,1
dt_wsmc38jcx,0.6652,24.1262564,120.6600672,ix_wsmc38jf,SE,ix_wsmc38jf,1
dt_wsn1skd7z,0.6647,22.7890429,121.1276853,ix_wsn1skd3,NE,ix_wsn1skd3,1
dt_wsqqmzjrs,0.6647,25.0446534,121.5491629,ix_wsqqmzm9,SW,ix_wsqqmzm9,2
dt_wsjtwhnxe,0.6645,23.4900921,120.507121,ix_wsjtwhqf,SW,ix_wsjtwhqf,1
dt_wsj8cy9mg,0.6643,22.6685444,120.3131655,ix_wsj8cy9w,SW,ix_wsj8cy9w,2
dt_wsj89xhzv,0.6643,22.6276943,120.3070414,ix_wsj89xhy,NE,ix_wsj89xhy,1
dt_wsj6qzch1,0.6641,22.9387942,120.1808858,ix_wsj6qzch,NW,ix_wsj6qzch,2
dt_wsmf184sq,0.6641,24.2585596,120.6555465,ix_wsmf184s,SE,ix_wsmf184s,1
dt_wsqqezhnh,0.664,25.0883177,121.4595542,ix_wsqqezhj,NE,ix_wsqqezhj,2
dt_wsqqt8b9b,0.6637,25.0532624,121.5314781,ix_wsqqt8bs,SW,ix_wsqqt8bs,2
dt_wsqjtxcmk,0.6637,24.916563,121.181094,ix_wsqjtxck,NE,ix_wsqjtxck,3
dt_wsmf5hge9,0.6637,24.2845332,120.7226341,ix_wsmf5hge,NW,ix_wsmf5hge,1
dt_wsjd3hbyb,0.6636,22.9228012,120.2793884,ix_wsjd3j0b,SW,ix_wsjd3j0b,1
dt_wsmcfcs77,0.6635,24.2227057,120.7127888,ix_wsmcfcs7,SW,ix_wsmcfcs7,1
dt_wsqqtb9f4,0.6633,25.0519216,121.5442635,ix_wsqqtb9c,NW,ix_wsqqtb99,2
dt_wsm9p085b,0.6633,24.0854474,120.5420215,ix_wsm9nbxf,NE,ix_wsm9nbxf,3
dt_wsj8yjjdr,0.6632,22.6597206,120.5059369,ix_wsj8yjjg,SW,ix_wsj8yjjg,1
dt_wsm9z7u1w,0.6631,24.2347599,120.5587477,ix_wsm9z7u3,SW,ix_wsm9z7u3,3
dt_wsqjzg4vv,0.6629,24.9344632,121.2820858,ix_wsqjzg5j,NW,ix_wsqjzg5j,1
dt_wsqjxspez,0.6627,24.8956964,121.2776936,ix_wsqjxsps,SE,ix_wsqjxsps,1
dt_wsj6xx0c0,0.6627,22.9781145,120.2134621,ix_wsj6xwby,NW,ix_wsj6xwby,2
dt_wsj6z13xh,0.6626,22.9914938,120.1927012,ix_wsj6z13z,SW,ix_wsj6z13z,2
dt_wsjdj7ycg,0.6626,22.8724795,120.474492,ix_wsjdj7yf,SE,ix_wsjdj7wx,4
dt_wsm9jj4ne,0.6625,24.1106273,120.4569781,ix_wsm9jj4j,NE,ix_wsm9jj4j,1
dt_wsmcd8168,0.6622,24.1703749,120.69754,ix_wsmcd816,NW,ix_wsmcd816,1
dt_wsn1kzfpv,0.6621,22.7636316,121.1492034,ix_wsn1kzfp,NW,ix_wsn1kzfp,1
dt_wsj9y04sr,0.6618,22.8083722,120.5017843,ix_wsj9y04u,NW,ix_wsj9y04u,3
dt_wsj9400nt,0.6617,22.6769169,120.3224972,ix_wsj94020,SE,ix_wsj94020,1
dt_wsj6xnmrk,0.6617,22.9750416,120.1978223,ix_wsj6xnmq,NE,ix_wsj6xnmq,3
dt_wsj86u8px,0.6617,22.5699598,120.3555252,ix_wsj86u8r,NW,ix_wsj86u8r,1
dt_wsj8dqvdd,0.6617,22.6254134,120.3409122,ix_wsj8dqv3,NE,ix_wsj8dqv3,1
dt_wsqmvxzpz,0.6617,24.9609288,121.5406871,ix_wsqqj8p0,SE,ix_wsqqj8p0,1
dt_wsjzf6w2f,0.6616,23.8762013,120.6934887,ix_wsjzf6w0,SE,ix_wsjzf6w0,1
dt_wsqsekct1,0.6613,24.7242232,121.7855566,ix_wsqsekcm,SE,ix_wsqsekcm,1
dt_wsjz4mwcr,0.6612,23.7609117,120.6944103,ix_wsjz4mws,SE,ix_wsjz4mws,2
dt_wsm8y4m12,0.6608,24.0506733,120.504946,ix_wsm8y4m1,SW,ix_wsm8y4m1,1
dt_wsqj300pk,0.6606,24.8303792,120.9816199,ix_wsqj300p,NW,ix_wsqj300p,2
dt_wsmf71eyu,0.6601,24.3111856,120.7230972,ix_wsmf71ez,SE,ix_wsmf71ez,2
dt_wsqqjg65v,0.66,24.9794523,121.5447126,ix_wsqqjg63,NW,ix_wsqqjg63,2
dt_wsmf886xe,0.6598,24.3484055,120.6115047,ix_wsmf886x,NE,ix_wsmf886x,2
dt_wsj99kxk0,0.6593,22.7891178,120.2992804,ix_wsj99kxk,SW,ix_wsj99kxk,2
dt_wsqmcgu3n,0.6593,24.9377771,121.3720796,ix_wsqmcgu3,SW,ix_wsqmcgu3,1
dt_wsqqwmkpr,0.6586,25.0789433,121.5695182,ix_wsqqwmkn,NE,ix_wsqqwmkn,2
dt_wsj89ufx3,0.6585,22.6152402,120.3147715,ix_wsj89ufr,NE,ix_wsj89ufr,1
dt_wsmcbqkf7,0.6585,24.2486082,120.6036141,ix_wsmcbqkf,NE,ix_wsmcbqkf,2
dt_wsjts8hm2,0.6584,23.4677227,120.4379903,ix_wsjts8hj,SE,ix_wsjts8hj,1
dt_wevxx2505,0.6583,22.412112,120.5572678,ix_wevxx250,SW,ix_wevxx250,1
dt_wsqjsw3bk,0.6582,24.907444,121.137843,ix_wsqjsw4p,NW,ix_wsqjsw4p,1
dt_wsmc9dk98,0.658,24.1825602,120.6580434,ix_wsmc9dk9,NW,ix_wsmc9dk9,2
dt_wsqjzffjf,0.658,24.9330953,121.2809358,ix_wsqjzffj,SW,ix_wsqjzffj,1
dt_wsqj01032,0.6577,24.7908781,120.9378648,ix_wsqj0101,SE,ix_wsqj0101,1
dt_wsqjqer21,0.6577,24.8469918,121.2331447,ix_wsqjqepr,NE,ix_wsqjqepr,1
dt_wsqq8290p,0.6577,25.0515895,121.3017346,ix_wsqq822y,NE,ix_wsqq822y,1
dt_wsj99zvxr,0.6576,22.8075227,120.3191453,ix_wsj99zvx,SE,ix_wsj99zvx,1
dt_wsjtt22t9,0.6576,23.4691244,120.4658561,ix_wsjtt22k,NE,ix_wsjtt22k,1
dt_wsjwzyw1d,0.6575,23.7225253,120.5832975,ix_wsjwzyw4,SW,ix_wsjwzyw4,1
dt_wsj6z6q0h,0.6575,22.9957812,120.2098277,ix_wsj6z6nn,NE,ix_wsj6z6nn,2
dt_wsj6zsqh8,0.6574,23.0075382,120.2206791,ix_wsj6zsqj,SW,ix_wsj6zsqj,2
dt_wsjd8j69m,0.6574,22.968515,120.2380514,ix_wsjd8j67,SE,ix_wsjd8j67,1
dt_wsn1mjbex,0.6573,22.7519307,121.1582493,ix_wsn1mjbe,SE,ix_wsn1mjbe,3
dt_wsj8vz464,0.6573,22.6706635,120.4902425,ix_wsj8vz46,SE,ix_wsj8vz46,1
dt_wsmc3qwmh,0.6572,24.1625682,120.6496537,ix_wsmc3qwt,SW,ix_wsmc3qwt,1
dt_wsjts9t2s,0.6569,23.4751481,120.4395352,ix_wsjts9t0,NE,ix_wsjts9t0,2
dt_wsj99ryw3,0.6569,22.8073226,120.2982969,ix_wsj99ryx,SW,ix_wsj99ryx,2
dt_wsj6xmt3q,0.6569,22.969902,120.2089197,ix_wsj6xmt9,SW,ix_wsj6xmt9,2
dt_wsj86sfv5,0.6569,22.5709318,120.3481581,ix_wsj86sfu,NW,ix_wsj86sfu,1
dt_wsj8cu77k,0.6568,22.6557637,120.3159304,ix_wsj8cu70,NE,ix_wsj8cu70,1
dt_wsmc8csqg,0.6566,24.1793378,120.624886,ix_wsmc8cu3,SW,ix_wsmc8cu3,3
dt_wsj9zumuj,0.6563,22.8316794,120.5830669,ix_wsj9zumu,SW,ix_wsj9zumu,1
dt_wsj7pcmh5,0.6561,23.0349118,120.230388,ix_wsj7pckg,NE,ix_wsj7pckg,1
dt_wsqqxn7wf,0.6561,25.0843613,121.6015803,ix_wsqqxn7q,NE,ix_wsqqxn7q,1
dt_wsmc3cnfw,0.6556,24.131937,120.6723705,ix_wsmc3cp1,NW,ix_wsmc3cp1,1
dt_wsmc3e5c1,0.6555,24.1426627,120.6570545,ix_wsmc3e5f,SW,ix_wsmc3e5f,1
dt_wsqqv9046,0.6553,25.0986781,121.5308678,ix_wsqqv903,NW,ix_wsqqv903,1
dt_wsj8dh2jx,0.6552,22.6122215,120.3225992,ix_wsj8dh2n,SE,ix_wsj8dh2n,2
dt_wsj8529nv,0.6551,22.5039177,120.3788217,ix_wsj8529j,NW,ix_wsj8529j,1
dt_wsqqt8s5q,0.6551,25.0521547,121.5365382,ix_wsqqt8s4,NW,ix_wsqqt8s4,3
dt_wsjt2ruz7,0.6551,23.4666708,120.2520148,ix_wsjt2ruz,NW,ix_wsjt2ruz,3
dt_wsqhfrkgu,0.6551,24.7817163,121.0430842,ix_wsqhfrkg,NE,ix_wsqhfrkg,2
dt_wsjwzy4v9,0.655,23.7204315,120.5787891,ix_wsjwzy4y,SE,ix_wsjwzy4y,2
dt_wsm8u5utr,0.6549,24.0595883,120.4166623,ix_wsm8u5uw,SE,ix_wsm8u5uw,2
dt_wsmc1mhq7,0.6547,24.1105723,120.6468423,ix_wsmc1mhm,NE,ix_wsmc1mhm,1
dt_wsmcc6rnk,0.6546,24.2273328,120.6506946,ix_wsmcc6qy,NE,ix_wsmcc6qy,1
dt_wsqsekct9,0.6544,24.7243193,121.7855634,ix_wsqsekcm,NE,ix_wsqsekcm,1
dt_wsmc4rgbk,0.6543,24.1246641,120.6901626,ix_wsmc4rgb,NW,ix_wsmc4rgf,2
dt_wsj91s1tr,0.654,22.6986783,120.3026789,ix_wsj91s1y,SW,ix_wsj91s1y,3
dt_wsmc98jnv,0.6538,24.1710917,120.6589516,ix_wsmc98jn,NW,ix_wsmc98jn,2
dt_wsjxh1r49,0.6535,23.7377945,120.4198341,ix_wsjxh1qf,NE,ix_wsjxh1qf,2
dt_wsqj4n660,0.6535,24.8198441,121.0285098,ix_wsqj4n64,NE,ix_wsqj4n64,1
dt_wsje833t3,0.6534,23.1230432,120.2474829,ix_wsje833m,SE,ix_wsje833m,1
dt_wsm8yv8km,0.6534,24.0690673,120.5315779,ix_wsm8yv8r,SE,ix_wsm8yv8r,1
dt_wsj8f964p,0.6531,22.6390864,120.3472897,ix_wsj8f93f,SE,ix_wsj8f93f,1
dt_wsmc1qyyj,0.6529,24.1201518,120.6503897,ix_wsmc1qzn,SW,ix_wsmc1qzn,4
dt_wsmcdt8ev,0.6528,24.200797,120.6967267,ix_wsmcdt8s,SE,ix_wsmcdt8s,2
dt_wsqqrrn4j,0.6525,25.0436958,121.6161341,ix_wsqqrrn4,SW,ix_wsqqrrn4,2
dt_wsj93378r,0.6522,22.7266639,120.2944221,ix_wsj93379,SE,ix_wsj93379,2
dt_wsjxm88tr,0.6521,23.7781005,120.4770652,ix_wsjxm88y,SW,ix_wsjxm88y,1
dt_wsmc63sdz,0.652,24.1347063,120.6913294,ix_wsmc63se,SE,ix_wsmc63se,3
dt_wsqqt7tcd,0.652,25.068351,121.5277748,ix_wsqqt7td,SE,ix_wsqqt7td,1
dt_wsj6zqrc5,0.6519,23.0179136,120.212224,ix_wsj6zqrc,SE,ix_wsj6zqrc,1
dt_wsqskhxc7,0.6518,24.678266,121.8272123,ix_wsqskhxb,NE,ix_wsqskhxb,2
dt_wsj8s0pp1,0.6516,22.589132,120.4198537,ix_wsj8s0pn,NW,ix_wsj8s0pn,1
dt_wsmf54sfb,0.6516,24.2720184,120.7243105,ix_wsmf54ss,SE,ix_wsmf54ss,1
dt_wsqq7yu77,0.6515,25.0425508,121.4598578,ix_wsqq7yu6,NW,ix_wsqq7yu6,1
dt_wsqqkv1fv,0.6509,25.0328574,121.5004523,ix_wsqqkv1g,SW,ix_wsqqkv1g,1
dt_wsmc9s51p,0.6507,24.1920746,120.6562981,ix_wsmc9s50,NE,ix_wsmc9s50,1
dt_wsmf74h60,0.6505,24.3131177,120.7236205,ix_wsmf74h4,SE,ix_wsmf74h4,1
dt_wsqqd0g2x,0.6505,25.0530355,121.3817325,ix_wsqqd0en,NE,ix_wsqqd0en,2
dt_wsjwyut4v,0.6505,23.7117268,120.5381112,ix_wsjwyut2,NW,ix_wsjwyut2,1
dt_wsjtmqny7,0.6501,23.4569204,120.4745108,ix_wsjtmqp5,NW,ix_wsjtmqp5,1
dt_wsj8dw5b2,0.6497,22.6208942,120.3493929,ix_wsj8dw5b,SW,ix_wsj8dw5b,1
dt_wsm8pk897,0.6496,23.9311926,120.5538292,ix_wsm8pk88,NW,ix_wsm8pk88,3
dt_wsqw8ubhj,0.6494,25.0756441,121.6738247,ix_wsqw8ub5,NE,ix_wsqw8ub5,2
dt_wsqqv1ddj,0.6493,25.1013715,121.5124727,ix_wsqqv1de,SE,ix_wsqqv1de,3
dt_wsqq280zk,0.6491,25.0061695,121.3122646,ix_wsqq280z,SE,ix_wsqq280z,2
dt_wsqr5h42g,0.649,25.1588608,121.4241494,ix_wsqr5h41,SE,ix_wsqr5h41,1
dt_wsmc92j3x,0.6489,24.1701911,120.6484043,ix_wsmc3rvn,NE,ix_wsmc3rvn,2
dt_wsj89zsvk,0.6484,22.6299915,120.3179879,ix_wsj89zsz,SW,ix_wsj89zsz,1
dt_wsmfuhr6h,0.6483,24.4133692,120.7718673,ix_wsmfuhr3,NW,ix_wsmfuhr3,2
dt_wsqq1jbry,0.6483,24.9938754,121.3336482,ix_wsqq1jbx,NW,ix_wsqq1jbx,3
dt_wsj6xwbye,0.6482,22.9776837,120.2135673,ix_wsj6xx0c,SE,ix_wsj6xx0c,2
dt_wsjdbsk0e,0.648,23.0068685,120.262001,ix_wsjdbsk0,SE,ix_wsjdbsk0,2
dt_wsmuqgt46,0.6478,24.6729586,120.8895592,ix_wsmuqgsf,SE,ix_wsmuqgsf,1
dt_wsj8cjvmz,0.6477,22.6644311,120.2858384,ix_wsj8cjvs,NW,ix_wsj8cjvs,1
dt_wsj6zb0xy,0.6475,22.984735,120.2243598,ix_wsj6zb28,SE,ix_wsj6zb28,2
dt_wsqqmqzrf,0.6475,25.0432922,121.5298195,ix_wsqqmrp2,SW,ix_wsqqmrp2,2
dt_wsmc6qm36,0.6474,24.1605258,120.6921359,ix_wsmc6qjn,NE,ix_wsmc6qjn,1
dt_wsmc61k38,0.6469,24.1331426,120.6796769,ix_wsmc61k3,NW,ix_wsmc61k3,1
dt_wsqqs98fg,0.6468,25.0575615,121.4880131,ix_wsqqs98f,NW,ix_wsqqs98f,1
dt_wsj8ezry0,0.6468,22.6287485,120.4098365,ix_wsj8ezrt,NE,ix_wsj8ezrt,1
dt_wsmcfnv0q,0.6467,24.2510185,120.680973,ix_wsmcfnsv,NE,ix_wsmcfnsv,1
dt_wsqqqmpyn,0.6466,25.0334013,121.5746283,ix_wsqqqmpz,SE,ix_wsqqqmpz,1
dt_wsj8d7m4z,0.6464,22.6062521,120.3404245,ix_wsj8d7m4,NW,ix_wsj8d7m4,1
dt_wsjknufk9,0.6463,23.2300292,120.1826138,ix_wsjknufk,NW,ix_wsjknufk,2
dt_wsjtky85r,0.6462,23.4591478,120.4434298,ix_wsjtky87,SW,ix_wsjtky87,2
dt_wsqq5vz80,0.6461,24.9925288,121.4641788,ix_wsqq5vxr,NE,ix_wsqq5vxr,1
dt_wsqq2kfqf,0.646,25.0321698,121.3032407,ix_wsqq2kft,NW,ix_wsqq2kft,2
dt_wsmcdxqbp,0.6456,24.2097663,120.7054089,ix_wsmcdxqb,SE,ix_wsmcdxqb,2
dt_wsm9xxutt,0.6455,24.213456,120.5703864,ix_wsm9xxuv,SW,ix_wsm9xxuv,1
dt_wsqwf9542,0.6454,25.0986615,121.7546475,ix_wsqwf94f,SE,ix_wsqwf94f,2
dt_wsqq28jd7,0.6454,25.0052776,121.3187362,ix_wsqq28j9,NE,ix_wsqq28j9,1
dt_wsj6xr85z,0.6453,22.9813149,120.2017223,ix_wsj6xr8h,SW,ix_wsj6xr8h,1
dt_wsmc98q9j,0.6453,24.1715001,120.6610281,ix_wsmc98qc,SW,ix_wsmc98qc,1
dt_wsj6qb1jp,0.6452,22.8963768,120.1811235,ix_wsj6qb1m,SW,ix_wsj6qb1m,1
dt_wsj8vz9ef,0.6452,22.6737095,120.4892126,ix_wsj8vz9e,SW,ix_wsj8vz9e,1
dt_wsqq465f0,0.6451,24.9722677,121.3931052,ix_wsqq4659,NE,ix_wsqq4659,3
dt_wsj8drrdj,0.6449,22.6280676,120.3438014,ix_wsj8drre,SE,ix_wsj8drre,1
dt_wsj8d9kh5,0.6444,22.5954589,120.3498871,ix_wsj8d9kn,SW,ix_wsj8d9kn,1
dt_wsqj0v9hv,0.6444,24.8162265,120.972089,ix_wsqj0v9r,SW,ix_wsqj0v9r,1
dt_wsj87jesp,0.6441,22.5748727,120.3713347,ix_wsj87jes,SE,ix_wsj87jes,1
dt_wsj6z959m,0.644,22.9891292,120.2174627,ix_wsj6z95g,SW,ix_wsj6z95g,2
dt_wsje05kmp,0.6437,23.046074,120.2405469,ix_wsje05kj,SE,ix_wsje05kj,2
dt_wsqjyw6nr,0.6437,24.9524347,121.2262002,ix_wsqjyw67,NW,ix_wsqjyw67,2
dt_wsmc9vk5r,0.6436,24.1993514,120.6686402,ix_wsmc9v7u,SE,ix_wsmc9v7u,1
dt_wsj9bech2,0.6435,22.828964,120.2577384,ix_wsj9bebc,NE,ix_wsj9bebc,1
dt_wsj91pubd,0.6434,22.718444,120.2849506,ix_wsj91pub,NE,ix_wsj91pub,2
dt_wsj6ru64b,0.6433,22.9193285,120.2261408,ix_wsj6ru62,NW,ix_wsj6ru62,3
dt_wsmb3b2jb,0.6433,23.9525725,120.6628684,ix_wsmb3b25,NW,ix_wsmb3b25,1
dt_wsqqnt41z,0.6431,24.9887083,121.5777759,ix_wsqqnt1c,SE,ix_wsqqnt1c,1
dt_wsqwfqf1e,0.643,25.130118,121.7424191,ix_wsqwfqf1,SE,ix_wsqwfqf1,1
dt_wsj998j2w,0.6429,22.7637857,120.3077892,ix_wsj93xvr,NE,ix_wsj93xvr,1
dt_wsj8ckt8q,0.6428,22.6566158,120.2971477,ix_wsj8ckmx,NE,ix_wsj8ckmx,1
dt_wsj6z37mp,0.6427,22.9911484,120.2062097,ix_wsj6z37k,NE,ix_wsj6z37k,2
dt_wsj97ndvc,0.6425,22.7564443,120.3700338,ix_wsj97nej,NW,ix_wsj97nej,1
dt_wsqqmehyw,0.6424,25.0224794,121.537565,ix_wsqqmekc,SW,ix_wsqqmekc,1
dt_wsj6znwr7,0.6421,23.0203775,120.199152,ix_wsj6znwq,NW,ix_wsj6znwq,1
dt_wevxrymxb,0.6421,22.4038443,120.5825363,ix_wevxryt2,SE,ix_wevxryt2,1
dt_wsqeut77m,0.642,24.5948554,121.8430651,ix_wsqeut76,NE,ix_wsqeut76,1
dt_wsqqt68b9,0.6419,25.0626859,121.5208538,ix_wsqqt68c,SE,ix_wsqqt68c,1
dt_wsmc3rrby,0.6418,24.1659464,120.6517724,ix_wsmc3x20,NW,ix_wsmc3x20,2
dt_wsj89ccvc,0.6417,22.5985304,120.3137408,ix_wsj89ccy,SW,ix_wsj89ccy,1
dt_wevxgzv7d,0.6417,22.4992529,120.4064685,ix_wevxgzv7,NE,ix_wevxgzv7,1
dt_wsjxtwnrj,0.6416,23.8525284,120.4848989,ix_wsjxtwnq,NW,ix_wsjxtwnq,2
dt_wsj8c43v4,0.6416,22.645083,120.2808439,ix_wsj8c43z,SW,ix_wsj8c43z,2
dt_wsm8rfp8u,0.6415,23.9613511,120.5854343,ix_wsm8rfp9,SW,ix_wsm8rfp9,2
dt_wsmfe3w75,0.6412,24.3544659,120.737478,ix_wsmfe3w6,NW,ix_wsmfe3w6,1
dt_wsj8dtcgg,0.6411,22.6201617,120.3468092,ix_wsj8dtcv,SE,ix_wsj8dtcv,2
dt_wsjs95m0b,0.6411,23.309,120.2852228,ix_wsjs95m1,SE,ix_wsjs95m1,2
dt_wsjzfr5y2,0.6408,23.9018317,120.6899784,ix_wsjzfr5v,NW,ix_wsjzfr5v,2
dt_wsqsh9pdt,0.6406,24.6153093,121.8489327,ix_wsqsh9pd,NE,ix_wsqsh9pd,2
dt_wsqq6upr8,0.6405,25.0281735,121.4199034,ix_wsqq6upn,NE,ix_wsqq6upn,2
dt_wsqj08uek,0.6405,24.7898482,120.9658663,ix_wsqj08uk,SE,ix_wsqj08uk,2
dt_wsj6z1zvk,0.6403,22.9939554,120.2012464,ix_wsj6z1zu,NW,ix_wsj6z1zu,2
dt_wsj6z30ev,0.6402,22.9895727,120.2023552,ix_wsj6z30e,NE,ix_wsj6z30e,1
dt_wsj9kc92w,0.6401,22.7280627,120.4451316,ix_wsj9kc9e,SW,ix_wsj9kc9e,2
dt_wsj84cej8,0.6399,22.5092093,120.3593704,ix_wsj84cdz,SE,ix_wsj84cdz,2
dt_wsqqmrcgt,0.6397,25.0480683,121.5223993,ix_wsqqmrcg,SW,ix_wsqqmrcc,2
dt_wsmc3nve8,0.6396,24.1636639,120.6374501,ix_wsmc3nvb,NW,ix_wsmc3nvb,1
dt_wsmuzxeju,0.6396,24.7834217,120.9198291,ix_wsmuzxen,SE,ix_wsmuzxen,1
dt_wsqqqhp78,0.6396,25.0274698,121.5626955,ix_wsqqqhps,SW,ix_wsqqqhps,1
dt_wsqq3ff8t,0.6395,25.0200971,121.3696164,ix_wsqq3ff8,NE,ix_wsqq3ff8,1
dt_wsmf86my6,0.6394,24.3591445,120.6049093,ix_wsmf86my,NE,ix_wsmf86my,2
dt_wsqqhh0gk,0.6392,24.9834726,121.466082,ix_wsqqhh09,NE,ix_wsqqhh09,1
dt_wsm9pbs60,0.6389,24.0851416,120.5808236,ix_wsm9pbs1,NE,ix_wsm9pbs1,1
dt_wsqjd8vtv,0.6388,24.8781734,121.0551733,ix_wsqjd8vw,SE,ix_wsqjd8vw,1
dt_wsm8vdn9b,0.6387,24.049389,120.4850366,ix_wsm8vdn9,NW,ix_wsm8vdn9,1
dt_wsmc3mkky,0.6386,24.1556513,120.6469736,ix_wsmc3mkm,SE,ix_wsmc3mk5,3
dt_wsqq00gdu,0.6386,24.9655434,121.2940464,ix_wsqq00gu,SW,ix_wsqq00gu,1
dt_wsqnrjv65,0.6385,25.0368524,121.2524683,ix_wsqnrjv6,NW,ix_wsqnrjv6,1
dt_wsmc3nt6s,0.6381,24.1621277,120.6373013,ix_wsmc3nt3,NE,ix_wsmc3nt3,1
dt_wsjtscxru,0.6379,23.4763994,120.4532641,ix_wsjtscxx,NW,ix_wsjtscxx,1
dt_wsj89v7t9,0.6377,22.617698,120.3161382,ix_wsj89v7m,SE,ix_wsj89v7m,1
dt_wsmc6nmvc,0.6377,24.1613142,120.6817789,ix_wsmc6nqp,SW,ix_wsmc6nqp,1
dt_wsmb61vtu,0.6375,23.960818,120.681568,ix_wsmb61vt,NE,ix_wsmb61vt,1
dt_wsj83vspn,0.6374,22.5753681,120.317033,ix_wsj83vsn,NE,ix_wsj83vsn,2
dt_wsqjd8vsu,0.6373,24.8780159,121.0551039,ix_wsqjd8vw,SW,ix_wsqjd8vw,1
dt_wsmcfnk8w,0.6373,24.2483129,120.6803014,ix_wsmcfnk8,NE,ix_wsmcfnk8,2
dt_wsqq280xr,0.6372,25.0061485,121.3120372,ix_wsqq280z,SW,ix_wsqq280z,2
dt_wsqqkvy76,0.6371,25.0370586,121.5064769,ix_wsqqkvys,SW,ix_wsqqkvys,2
dt_wsj93s4g2,0.6369,22.7422973,120.3040821,ix_wsj93s4e,SE,ix_wsj93s4e,1
dt_wsqhbq5dh,0.6368,24.7745477,120.9534711,ix_wsqhbq5e,SW,ix_wsqhbq5e,1
dt_wsj8f98bs,0.6368,22.6401735,120.3454661,ix_wsj8f98c,SE,ix_wsj8f98c,2
dt_wsj8cnx74,0.6367,22.6680618,120.2883666,ix_wsj8cnx3,NW,ix_wsj8cnx3,2
dt_wsmdnf8uq,0.6367,24.2722967,120.5323285,ix_wsmdnf9h,SW,ix_wsmdnf9h,2
dt_wsqqqkgdy,0.6366,25.0314897,121.568792,ix_wsqqqkgm,SE,ix_wsqqqkgm,1
dt_wsqnx6rxy,0.6364,25.0625492,121.266672,ix_wsqnx6rz,NW,ix_wsqnx6rz,2
dt_wsj89vu6f,0.6363,22.6199652,120.3172222,ix_wsj89vu3,NE,ix_wsj89vu3,2
dt_wsm8rry2s,0.6362,23.992889,120.561775,ix_wsm8rry2,NE,ix_wsm8rry2,2
dt_wsqnxfrxc,0.6361,25.0625389,121.2884235,ix_wsqnxfx8,SW,ix_wsqnxfx8,1
dt_wsqs6ukwp,0.6361,24.677715,121.7679733,ix_wsqs6ukg,NW,ix_wsqs6ukg,1
dt_wsj8d6mjf,0.636,22.6012565,120.3402106,ix_wsj8d6mj,NW,ix_wsj8d6mj,1
dt_wsj89r9g2,0.6359,22.629675,120.2917281,ix_wsj89r9d,NE,ix_wsj89r9d,2
dt_wsj99q0vr,0.6359,22.7975661,120.2906771,ix_wsj99q0v,SE,ix_wsj99q0v,1
dt_wsmcb8sur,0.6359,24.2173531,120.6147569,ix_wsmcb8su,NE,ix_wsmcb8su,1
dt_wsj6qu7t9,0.6359,22.919805,120.1842943,ix_wsj6qu7m,NE,ix_wsj6qu7m,2
dt_wsqq0tgn0,0.6359,24.9935757,121.3151774,ix_wsqq0tgn,SW,ix_wsqq0tgn,1
dt_wsqsk38up,0.6355,24.6622585,121.8287406,ix_wsqsk39h,SW,ix_wsqsk39h,1
dt_wsqqxjb4j,0.6353,25.0807742,121.5969031,ix_wsqqwvzc,NE,ix_wsqqwvzc,1
dt_wsj8cjden,0.6352,22.6625849,120.2820304,ix_wsj8cjde,SE,ix_wsj8cjde,1
dt_wsqqjzrsg,0.6352,25.0016081,121.5522114,ix_wsqqjzrq,SE,ix_wsqqjzrq,1
dt_wsq2rryf1,0.6351,23.9931373,121.6169964,ix_wsq2rryf,NE,ix_wsq2rryf,1
dt_wsmc2qmdb,0.6349,24.1607839,120.6045086,ix_wsmc2qm3,NE,ix_wsmc2qm3,2
dt_wsj89vp2r,0.6349,22.615435,120.3215699,ix_wsj89vp1,SE,ix_wsj89vp1,2
dt_wsj8727c8,0.6349,22.5456,120.3823698,ix_wsj8727d,SE,ix_wsj8727d,1
dt_wsj852esz,0.6347,22.5035842,120.3823402,ix_wsj852eg,NW,ix_wsj852eg,1
dt_wsmf8b16t,0.6346,24.346162,120.6208339,ix_wsmf8b1t,SW,ix_wsmf8b1t,2
dt_wsqrxb4ft,0.6346,25.2250673,121.633656,ix_wsqrxb4g,SW,ix_wsqrxb4g,1
dt_wsjxtt7dw,0.6346,23.8476314,120.4811674,ix_wsjxtt79,NE,ix_wsjxtt79,1
dt_wsqjwnree,0.6345,24.9080136,121.2116213,ix_wsqjwnrd,NE,ix_wsqjwnrd,1
dt_wsj8vywq1,0.6345,22.6685936,120.4957221,ix_wsj8vywq,SW,ix_wsj8vywq,1
dt_wsqq9f5p8,0.6345,25.0611082,121.370103,ix_wsqq9f5p,NW,ix_wsqq9f5p,1
dt_wsjt1t5w5,0.6342,23.4074123,120.3052643,ix_wsjt1t5t,NW,ix_wsjt1t5t,1
dt_wsqhdc08s,0.6339,24.7028696,121.0592146,ix_wsqhdc0g,SW,ix_wsqhdc0g,1
dt_wsj8de3ut,0.6338,22.6065501,120.3468808,ix_wsj8de3u,NE,ix_wsj8de3u,3
dt_wsmcd63p3,0.6338,24.1835643,120.6862568,ix_wsmcd63p,SE,ix_wsmcd63p,1
dt_wsj7yb468,0.6337,23.159627,120.1825459,ix_wsj7yb4s,SW,ix_wsj7yb4s,2
dt_wsmb1xwrr,0.6336,23.9487269,120.6607766,ix_wsmb1xy0,SE,ix_wsmb1xy0,1
dt_wsj6z4j6t,0.6336,22.9948209,120.197861,ix_wsj6z4j6,SW,ix_wsj6z4j6,2
dt_wsqqw23pb,0.6336,25.0515374,121.5650988,ix_wsqqw23n,NW,ix_wsqqw23n,2
dt_wsjxtt3dj,0.6334,23.8475741,120.4783597,ix_wsjxtt3d,SE,ix_wsjxtt3d,1
dt_wsj6ztesb,0.6334,23.0144536,120.2172248,ix_wsj6ztes,NW,ix_wsj6ztes,2
dt_wsj8cesfd,0.6333,22.6515229,120.3069165,ix_wsj8cesc,NW,ix_wsj8cesc,1
dt_wsj9j9kjf,0.6332,22.6836567,120.481654,ix_wsj9j9k6,NW,ix_wsj9j9k6,1
dt_wsj8c9tgv,0.6331,22.6407282,120.308419,ix_wsj8c9tu,SE,ix_wsj8c9tu,1
dt_wsj6zcj35,0.633,22.9890927,120.2307431,ix_wsj6zcj3,SW,ix_wsj6zcj3,1
dt_wsjdb6f34,0.6328,22.9987099,120.2485696,ix_wsjdb6f2,NE,ix_wsjdb6f2,3
dt_wsmf50pe7,0.6326,24.2584006,120.7282306,ix_wsmf50pe,NE,ix_wsmf50pe,3
dt_wsm8gx5jj,0.6326,24.0774345,120.3925453,ix_wsm8gx57,NW,ix_wsm8gx57,1
dt_wsmdnvy0g,0.6325,24.2895533,120.539382,ix_wsmdnvvb,NE,ix_wsmdnvvb,1
dt_wsmc702pt,0.6324,24.1286782,120.7179928,ix_wsmc7080,SE,ix_wsmc7080,1
dt_wsqjyx4zn,0.6323,24.9566688,121.2271973,ix_wsqjyx5p,NW,ix_wsqjyx5p,1
dt_wsm8hu37w,0.6322,23.9302359,120.4450997,ix_wsm8hu3d,NW,ix_wsm8hu3d,1
dt_wsqqmpsbc,0.632,25.0462272,121.5153585,ix_wsqqmpkx,NE,ix_wsqqmpkx,1
dt_wsm9xdp2y,0.6319,24.181073,120.5741947,ix_wsm9xdp9,SW,ix_wsm9xdp9,2
dt_wsj7jcgj9,0.6318,23.0379348,120.1396917,ix_wsj7jcg6,NW,ix_wsj7jcg6,1
dt_wsqqx0zp2,0.6318,25.0542173,121.6063062,ix_wsqqx0yz,SE,ix_wsqqx0yz,1
dt_wsqqnnu51,0.6318,24.9985344,121.5583104,ix_wsqqnngv,SE,ix_wsqqnngv,2
dt_wsmc9shqg,0.6314,24.1930734,120.6578467,ix_wsmc9shs,NW,ix_wsmc9shs,2
dt_wsqjyqvq5,0.6314,24.9551142,121.2195033,ix_wsqjyqvq,SW,ix_wsqjyqvq,1
dt_wsj8s6df6,0.6312,22.6020105,120.4250366,ix_wsj8s6df,SW,ix_wsj8s6df,2
dt_wsjwyukmn,0.6311,23.7107521,120.5371324,ix_wsjwyukk,NE,ix_wsjwyukk,2
dt_wsmcd813k,0.631,24.1701563,120.6977008,ix_wsmcd816,SW,ix_wsmcd816,2
dt_wsqqm9dk2,0.631,25.0138942,121.5338607,ix_wsqqm9dd,NW,ix_wsqqm9dd,1
dt_wsj911zjs,0.6309,22.6863682,120.2881188,ix_wsj911zj,NW,ix_wsj911zj,2
dt_wsqj07t4r,0.6307,24.8047737,120.9556696,ix_wsqj07t4,SE,ix_wsqj07t4,1
dt_wsqq9ctb4,0.6307,25.0570836,121.3739527,ix_wsqq9ctb,SW,ix_wsqq9ctb,1
dt_wsj942v1x,0.6305,22.6801689,120.3404191,ix_wsj942v1,SE,ix_wsj942v1,2
dt_wsjddhu9w,0.6305,22.9658182,120.3287153,ix_wsjddhsx,NE,ix_wsjddhsx,1
dt_wsj9jz9nd,0.6305,22.7181246,120.488522,ix_wsj9jz8z,SE,ix_wsj9jz8z,1
dt_wsjz69xpt,0.6305,23.7839448,120.7056562,ix_wsjz69xm,NW,ix_wsjz69xm,1
dt_wsmc9sepz,0.6302,24.1960106,120.6563037,ix_wsmc9sg1,SE,ix_wsmc9sg1,1
dt_wsqnt1y0s,0.6302,25.0585301,121.1656636,ix_wsqnt1wm,NW,ix_wsqnt1wm,1
dt_wsj8czkzc,0.6301,22.6730233,120.31787,ix_wsj8czsc,SW,ix_wsj8czsc,1
dt_wsjet111b,0.63,23.1210612,120.4555015,ix_wsjet10c,NE,ix_wsjet10c,1
dt_wsqjvzu88,0.6295,24.9596928,121.1964008,ix_wsqjvzu8,NW,ix_wsqjvzu8,1
dt_wsqqmg9jj,0.6293,25.025004,121.5433548,ix_wsqqmg9h,NW,ix_wsqqmg9h,2
dt_wsmcdx7em,0.6291,24.2103295,120.7008421,ix_wsmcdx7b,NW,ix_wsmcdx7b,2
dt_wsj91qgqf,0.6291,22.7140338,120.2938865,ix_wsj91qgm,NE,ix_wsj91qgm,2
dt_wsqq2nsgy,0.629,25.0412387,121.2958719,ix_wsqq2nsg,NE,ix_wsqq2nst,2
dt_wsqqqhed5,0.629,25.029972,121.5576993,ix_wsqqqhe9,NE,ix_wsqqqhe9,2
dt_wsqmb760j,0.6288,24.9348779,121.3030313,ix_wsqmb760,SE,ix_wsqmb760,2
dt_wsmc6676s,0.6285,24.1387914,120.689457,ix_wsmc6676,SW,ix_wsmc6676,2
dt_wsqnrp7mb,0.6285,25.0457327,121.2495963,ix_wsqnrp7n,SE,ix_wsqnrp7n,1
dt_wsjtudjkc,0.6284,23.5225551,120.4393978,ix_wsjtudje,NW,ix_wsjtudje,1
dt_wsm85cyt5,0.6283,23.9167341,120.4082292,ix_wsm85cyt,SE,ix_wsm85cyt,2
dt_wsjtkzcb1,0.6281,23.4654332,120.4455916,ix_wsjtkzc8,NE,ix_wsjtkzc8,1
dt_wsjxh1r13,0.6281,23.7375906,120.4198327,ix_wsjxh1qf,SE,ix_wsjxh1qf,1
dt_wsj6zebbd,0.6279,23.0041042,120.2135191,ix_wsj6ze8z,NW,ix_wsj6ze8z,2
dt_wsmurp7g4,0.6278,24.6936847,120.8988026,ix_wsmurp7c,NW,ix_wsmurp7c,1
dt_wsqq7nenb,0.6273,25.0417544,121.4250378,ix_wsqq7ndz,SE,ix_wsqq7ndz,1
dt_wsjs9ub1e,0.6272,23.3173779,120.311416,ix_wsjs9ub4,SE,ix_wsjs9ub4,1
dt_wsmc62sj6,0.6271,24.129661,120.6904105,ix_wsmc62ev,NE,ix_wsmc62ev,1
dt_wsqnnfz6y,0.627,24.97654,121.2443789,ix_wsqnnfz2,NW,ix_wsqnnfz2,1
dt_wsj8f2xun,0.6268,22.6352844,120.3441754,ix_wsj8f885,NW,ix_wsj8f885,1
dt_wsj8duv6m,0.6267,22.6143968,120.3626565,ix_wsj8duvk,SW,ix_wsj8duvk,1
dt_wsmc98qc1,0.6264,24.1714936,120.6611931,ix_wsmc98qc,SE,ix_wsmc98qc,2
dt_wsqn4h9zg,0.6262,24.9869942,121.0279386,ix_wsqn4hcb,SE,ix_wsqn4hcb,1
dt_wsmfhdtww,0.6261,24.2726619,120.7915374,ix_wsmfhdtx,SE,ix_wsmfhdtx,2
dt_wsm8tyjxv,0.626,24.0284653,120.4948423,ix_wsm8tyjx,NW,ix_wsm8tyjx,1
dt_wsmc3387s,0.6259,24.1348383,120.6414228,ix_wsmc3387,SE,ix_wsmc3387,2
dt_wsj8cyhp8,0.6258,22.6661251,120.3167891,ix_wsj8cy5z,NE,ix_wsj8cy5z,1
dt_wsj91d3gh,0.6257,22.6886702,120.3029065,ix_wsj91d3f,NE,ix_wsj91d3f,2
dt_wsqwqqxs2,0.6254,25.0413547,121.9255887,ix_wsqwqqxu,SW,ix_wsqwqqxu,2
dt_wsjejd8xc,0.6254,23.0424448,120.4768257,ix_wsjejd8x,NW,ix_wsjejd8x,1
dt_wsm9msus4,0.6253,24.1527674,120.4823807,ix_wsm9msus,SW,ix_wsm9msus,1
dt_wsm9zkvss,0.6252,24.2407694,120.5607295,ix_wsm9zkvw,SW,ix_wsm9zkvw,1
dt_wsqqte187,0.6252,25.0653584,121.5329904,ix_wsqqtdct,NW,ix_wsqqtdct,1
dt_wsj85syzj,0.6251,22.527306,120.3976715,ix_wsj85syy,NE,ix_wsj85syy,1
dt_wsjtthpgf,0.6248,23.4894538,120.4648566,ix_wsjtthpg,NW,ix_wsjtthpg,1
dt_wsn1s3v2n,0.6248,22.7733178,121.1317693,ix_wsn1s3tj,NE,ix_wsn1s3tj,1
dt_wsj9ky77x,0.6246,22.7547023,120.4478837,ix_wsj9ky7e,NW,ix_wsj9ky7e,1
dt_wsm9yvszc,0.6244,24.2454507,120.5375999,ix_wsm9yvsx,NE,ix_wsm9yvsx,1
dt_wsjtt13g9,0.6239,23.4742994,120.4565799,ix_wsjtt13s,SE,ix_wsjtt13s,3
dt_wsqq5z7yq,0.6239,25.0018493,121.4592863,ix_wsqq5z7v,NW,ix_wsqq5z7v,1
dt_wsqqwbrmm,0.6239,25.0511449,121.5958937,ix_wsqqwbr7,NE,ix_wsqqwbr7,2
dt_wsj6xgmb4,0.6239,22.9573425,120.231381,ix_wsj6xgjz,NE,ix_wsj6xgjz,1
dt_wsj9dut3h,0.6239,22.7885996,120.3626311,ix_wsj9dut3,SE,ix_wsj9dut3,1
dt_wsj8rw0rt,0.6237,22.5782225,120.5645449,ix_wsj8rw26,SE,ix_wsj8rw26,1
dt_wsj91dk5v,0.6234,22.6888084,120.3060209,ix_wsj91dkp,SW,ix_wsj91dkp,1
dt_wsqq5r05e,0.6233,25.0000274,121.4320384,ix_wsqq5r05,NE,ix_wsqq5r05,1
dt_wsj6rpgdt,0.6232,22.9385496,120.1954614,ix_wsj6rpgd,NW,ix_wsj6rpgt,2
dt_wsj8f5yts,0.6231,22.6533821,120.3313681,ix_wsj8f5ys,NW,ix_wsj8f5ys,1
dt_wsmuq2kxg,0.623,24.6560523,120.8669233,ix_wsmuq2kt,NW,ix_wsmuq2kt,1
dt_wsmc3ccvr,0.6229,24.136518,120.6655603,ix_wsmc3cfj,SW,ix_wsmc3cfj,1
dt_wsm9z7u62,0.6227,24.2348853,120.5588314,ix_wsm9z7u3,NW,ix_wsm9z7u3,2
dt_wsj8fp598,0.6222,22.670571,120.3270782,ix_wsj8fp5c,SW,ix_wsj8fp5c,3
dt_wsj89rjnn,0.6222,22.6273908,120.2964606,ix_wsj89rjq,SW,ix_wsj89rjq,2
dt_wsjdbufjb,0.6222,23.0105175,120.2700902,ix_wsjdbucv,NE,ix_wsjdbucv,1
dt_wsj964k5z,0.622,22.7327605,120.3280995,ix_wsj964k4,NE,ix_wsj964k4,1
dt_wsqqqr6wn,0.622,25.0457712,121.5674428,ix_wsqqqr6x,SE,ix_wsqqqr67,2
dt_wsmc42fz9,0.6219,24.0874724,120.6886572,ix_wsmc42fz,NW,ix_wsmc42fz,1
dt_wsmc4hn4e,0.6216,24.1044603,120.6822383,ix_wsmc4hn5,SW,ix_wsmc4hn5,2
dt_wsj92xund,0.6215,22.763418,120.261929,ix_wsj92xun,SW,ix_wsj92xun,2
dt_wsqqwtqey,0.621,25.0783445,121.5839073,ix_wsqqwtqm,SE,ix_wsqqwtqm,2
dt_wsqr73w3e,0.621,25.1891994,121.4406078,ix_wsqr73w6,SE,ix_wsqr73w6,1
dt_wsmbf3t2p,0.6208,24.0463413,120.6923379,ix_wsmbf3t8,SW,ix_wsmbf3t8,1
dt_wsj8vy4rz,0.6206,22.6661463,120.4904771,ix_wsj8vy62,SW,ix_wsj8vy62,2
dt_wsqqqnesz,0.62,25.0414389,121.5578824,ix_wsqqqnes,NE,ix_wsqqqnes,1
dt_wsqnpj4ej,0.6199,24.9889271,121.2487673,ix_wsqnpj4e,SE,ix_wsqnpj4e,1
dt_wsqjyqzse,0.6195,24.9548753,121.2226075,ix_wsqjyqzt,SE,ix_wsqjyqzt,1
dt_wsqshd1vf,0.6191,24.6213676,121.8409022,ix_wsqshd1t,NE,ix_wsqshd1t,1
dt_wsj6xzmch,0.6191,22.9794831,120.2314582,ix_wsj6xzmc,SE,ix_wsj6xzmc,2
dt_wsjz4k758,0.619,23.7544403,120.6889701,ix_wsjz4k76,NW,ix_wsjz4k76,1
dt_wsj6pu970,0.6189,22.8768041,120.2251067,ix_wsj6pu94,NE,ix_wsj6pu94,1
dt_wsj93wcz3,0.6189,22.7580636,120.3027703,ix_wsj93wcz,SE,ix_wsj93wcz,1
dt_wsqjq1y1q,0.6188,24.8389578,121.209671,ix_wsqjq1y1,SE,ix_wsqjq1y1,1
dt_wsqj4m24x,0.6188,24.8144571,121.0367186,ix_wsqj4m24,NE,ix_wsqj4m24,1
dt_wsm8m2xn6,0.6181,23.9540289,120.4748248,ix_wsm8m2xn,SE,ix_wsm8m2xn,2
dt_wsqw8ub3f,0.6179,25.0752503,121.674056,ix_wsqw8ub5,SE,ix_wsqw8ub5,1
dt_wsmc6gvbh,0.6178,24.1466143,120.7148804,ix_wsmc6gvb,NW,ix_wsmc6gvb,1
dt_wsj7n60rs,0.6176,23.0396204,120.157999,ix_wsj7n62d,SW,ix_wsj7n62d,1
dt_wsj89x5zw,0.6176,22.6276731,120.3057244,ix_wsj89xhp,NW,ix_wsj89xhp,1
dt_wsj6y8h14,0.6175,22.9835734,120.1740639,ix_wsj6y8h1,SE,ix_wsj6y8h1,2
dt_wsj8qux58,0.6175,22.5693005,120.5406405,ix_wsj8quwu,SE,ix_wsj8quwu,2
dt_wsj8c17b8,0.6175,22.6387947,120.2834826,ix_wsj8c1k0,SW,ix_wsj8c1k0,1
dt_wsqqw9m90,0.6171,25.0558802,121.5822847,ix_wsqqw9m2,NE,ix_wsqqw9m2,1
dt_wsmc2d1qn,0.617,24.1379992,120.6098845,ix_wsmc2d33,SE,ix_wsmc2d33,1
dt_wsjw4ejxf,0.6169,23.5725356,120.3519089,ix_wsjw4em8,SE,ix_wsjw4em8,1
dt_wsqq6ntc3,0.6169,25.0408105,121.3849181,ix_wsqq6nqj,NW,ix_wsqq6nqj,2
dt_wsqqe66rg,0.6166,25.062553,121.4351124,ix_wsqqe66r,NW,ix_wsqqe66r,2
dt_wsj8cj10b,0.6164,22.6594384,120.2797253,ix_wsj8cj14,SW,ix_wsj8cj14,2
dt_wsm8kcx0p,0.6163,23.9584367,120.4530623,ix_wsm8kcx0,SE,ix_wsm8kcx0,3
dt_wsqjbb0zp,0.6162,24.9182245,120.9718074,ix_wsqjbb0y,NW,ix_wsqjbb0y,1
dt_wsjdm8s5d,0.616,22.8988689,120.4816751,ix_wsjdm8s1,NW,ix_wsjdm8s1,1
dt_wsqj3b08t,0.6159,24.8292091,121.0153219,ix_wsqj3b08,NE,ix_wsqj3b08,1
dt_wevxvn7eg,0.6159,22.4910545,120.459043,ix_wevxvn7w,SW,ix_wevxvn7w,1
dt_wsj89zsvy,0.6158,22.6300794,120.3181017,ix_wsj89zsz,SE,ix_wsj89zsz,2
dt_wsmc68ybc,0.6158,24.1302611,120.7051532,ix_wsmc68yc,SW,ix_wsmc68yc,2
dt_wsqqjb2rk,0.6154,24.9635585,121.5422914,ix_wsqqjb2r,NE,ix_wsqqjb2r,2
dt_wsmc9utuh,0.6152,24.1953682,120.6709471,ix_wsmc9utu,SE,ix_wsmc9utu,2
dt_wsj83prss,0.6152,22.5845718,120.2888001,ix_wsj83pry,SW,ix_wsj83pry,1
dt_wsjz4jrhs,0.6151,23.7601155,120.6836292,ix_wsjz4jrh,NW,ix_wsjz4jqg,2
dt_wsj6z52yk,0.6147,23.0023597,120.191642,ix_wsj6z52y,NW,ix_wsj6z52y,1
dt_wsqeut82y,0.6146,24.5958035,121.8389977,ix_wsqeut82,NE,ix_wsqeut82,1
dt_wsqj3csvc,0.6143,24.8383584,121.0210035,ix_wsqj3csv,SW,ix_wsqj3csv,1
dt_wsqnz5mud,0.6142,25.1114252,121.2531148,ix_wsqnz5mu,NW,ix_wsqnz5mu,1
dt_wsqqv4u0g,0.6141,25.1080314,121.5144147,ix_wsqqv4u0,NE,ix_wsqqv4u0,2
dt_wsqnz5mgk,0.614,25.1112051,121.2532254,ix_wsqnz5mu,SE,ix_wsqnz5mu,1
dt_wsj8ef0rr,0.614,22.6001448,120.3998357,ix_wsj8ef0w,NW,ix_wsj8ef0w,2
dt_wsjt79z5n-2,0.6139,23.4330139,120.3980681,ix_wsjt79zq,SW,ix_wsjt79zq,1
dt_wsj8fj1dd,0.6137,22.6597486,120.3244115,ix_wsj8fj1e,SE,ix_wsj8fj1e,3
dt_wsmc8emyp,0.6137,24.1888229,120.6161438,ix_wsmc8emx,SE,ix_wsmc8emx,1
dt_wsj8s5fxv,0.6137,22.6098267,120.4138366,ix_wsj8sh48,SE,ix_wsj8sh48,1
dt_wsqjxbwee,0.6132,24.8764257,121.2871402,ix_wsqjxbwe,SW,ix_wsqjxbwe,2
dt_wsj8c28jc,0.613,22.6356038,120.2893769,ix_wsj8c28n,SE,ix_wsj8c28n,2
dt_wsj6y8wgt,0.6128,22.9867814,120.1779604,ix_wsj6y8wg,SE,ix_wsj6y8wg,1
dt_wsqj3yub4,0.6126,24.8662203,121.0210155,ix_wsqj3yv1,SW,ix_wsqj3yv1,1
dt_wsqnx22q5,0.6126,25.0512729,121.256586,ix_wsqnx22m,NW,ix_wsqnx22m,2
dt_wsj6z6bp8,0.6124,22.9997948,120.2014276,ix_wsj6z6bm,NW,ix_wsj6z6bm,1
dt_wsjxvjud6,0.6122,23.8943018,120.460402,ix_wsjxvju6,SE,ix_wsjxvju6,1
dt_wsmbfmnfh,0.612,24.065929,120.6942702,ix_wsmbfmnf,SW,ix_wsmbfmnf,1
dt_wsj9rmdts,0.612,22.7509133,120.5565899,ix_wsj9rmdw,SE,ix_wsj9rmdw,1
dt_wsjx4tdx2,0.6119,23.7619612,120.3476731,ix_wsjx4tdv,NW,ix_wsjx4tdv,2
dt_wsjw19bgp,0.6119,23.564845,120.3016305,ix_wsjw19c4,NW,ix_wsjw19c4,2
dt_wsjdb6u8v,0.6113,22.9986558,120.2517957,ix_wsjdb6ub,NW,ix_wsjdb6ub,1
dt_wsqjwbtk2,0.6111,24.8765393,121.2413417,ix_wsqjwbth,SE,ix_wsqjwbth,1
dt_wsqwfqes8,0.6111,25.1292589,121.7443197,ix_wsqwfqe7,NE,ix_wsqwfqe7,2
dt_wsj8qgqrn,0.611,22.5630317,120.5398883,ix_wsj8qgqq,NE,ix_wsj8qgqq,1
dt_wsj89c0sr,0.6107,22.5941244,120.3122891,ix_wsj89c0s,SE,ix_wsj89c0s,1
dt_wsj94qg92,0.6103,22.7130842,120.338085,ix_wsj94qg9,SW,ix_wsj94qeq,2
dt_wsmb0njug,0.6103,23.9400505,120.5939955,ix_wsmb0nn1,NW,ix_wsmb0nn1,1
dt_wsjwzjb3x,0.6102,23.7183801,120.5426622,ix_wsjwzjb3,NE,ix_wsjwzjb3,2
dt_wsj89xn7f,0.6101,22.6270259,120.3089902,ix_wsj89xnp,SE,ix_wsj89xnp,1
dt_wsqqpnz7r,0.6099,24.9986078,121.606944,ix_wsqqpnz7,SE,ix_wsqqpnz7,1
dt_wsqqwjwxh,0.6099,25.0802675,121.5618458,ix_wsqqwjwt,NE,ix_wsqqwjwt,1
dt_wsj94djwx,0.6098,22.6878929,120.3520933,ix_wsj94djw,NE,ix_wsj94djw,1
dt_wsqqmrg1k,0.6097,25.0476829,121.5240844,ix_wsqqmrg4,SW,ix_wsqqmrg4,1
dt_wsjtfssxy,0.6094,23.5368324,120.3506927,ix_wsjtfsub,SW,ix_wsjtfsub,2
dt_wsj8vygwj,0.6094,22.6699864,120.4921241,ix_wsj8vygw,SE,ix_wsj8vygw,1
dt_wsqr5hnrk,0.6094,25.1599381,121.4296858,ix_wsqr5hnr,SE,ix_wsqr5hnr,1
dt_wsqjyzrey,0.6094,24.9574626,121.2447165,ix_wsqjyzry,SW,ix_wsqjyzry,2
dt_wsjwtrrst,0.6091,23.6832134,120.475636,ix_wsjwtrrt,SE,ix_wsjwtrrt,1
dt_wsqqe5n4j,0.6091,25.0656617,121.429385,ix_wsqqe5n4,SE,ix_wsqqe5n4,1
dt_wsqnqsh4m,0.6088,25.027264,121.2288816,ix_wsqnqsh1,NW,ix_wsqnqsh1,1
dt_wsmvrf74s,0.6087,24.8419081,120.9308429,ix_wsmvrf7j,SE,ix_wsmvrf7j,2
dt_wsjdbg32m,0.6086,23.0013087,120.2692852,ix_wsjdbg32,SE,ix_wsjdbg32,1
dt_wsj6y8nb7,0.6084,22.9834639,120.1778915,ix_wsj6wxyw,NE,ix_wsj6wxyw,2
dt_wsj97ne3p,0.6084,22.7556427,120.371011,ix_wsj97ne9,NW,ix_wsj97ne9,2
dt_wsjt2pmpj,0.6083,23.4639013,120.2414701,ix_wsjt2pmn,NE,ix_wsjt2pmn,2
dt_wsje0gq6n,0.6082,23.0455729,120.2762001,ix_wsje0gqh,SE,ix_wsje0gqh,1
dt_wsj9p5kyu,0.6082,22.6948064,120.5487013,ix_wsj9p5kz,SE,ix_wsj9p5kz,2
dt_wsmc3qhfh,0.6081,24.159293,120.6475907,ix_wsmc3qhf,SE,ix_wsmc3qhf,1
dt_wsqqme6xx,0.6077,25.0240266,121.5344954,ix_wsqqme6z,NW,ix_wsqqme6z,1
dt_wsj6xh197,0.6077,22.9616671,120.1926314,ix_wsj6xh1d,SE,ix_wsj6xh1d,3
dt_wsmc6mg8s,0.6076,24.1576495,120.6898184,ix_wsmc6mg8,SE,ix_wsmc6mg8,1
dt_wsqq1n16t,0.6076,24.9943257,121.3349445,ix_wsqq1n16,NW,ix_wsqq1n16,1
dt_wsm8ygfee,0.6075,24.0593014,120.53458,ix_wsm8ygf8,NE,ix_wsm8ygf8,2
dt_wsj8cu3hv,0.6075,22.6560125,120.3129073,ix_wsj8cu3h,NE,ix_wsj8cu3h,1
dt_wsj8d90bf,0.6074,22.5935221,120.3453665,ix_wsj8d90b,NW,ix_wsj8d90b,2
dt_wsjteu5yj,0.6074,23.4898192,120.4045393,ix_wsjteu5y,SW,ix_wsjteu5y,1
dt_wsqse3t42,0.6073,24.7059062,121.7903432,ix_wsqse3t4,SW,ix_wsqse3t4,1
dt_wsmc3qwke,0.6073,24.1624705,120.6495852,ix_wsmc3qwj,SE,ix_wsmc3qwj,1
dt_wsj89gz2g,0.6072,22.6086567,120.3214031,ix_wsj89gz3,SE,ix_wsj89gz3,1
dt_wsm9keegt,0.6072,24.1458438,120.4375171,ix_wsm9keev,SE,ix_wsm9keev,2
dt_wsmc62whd,0.6072,24.1295266,120.6931789,ix_wsmc62tv,SE,ix_wsmc62tv,1
dt_wsj7ybd78,0.607,23.1625581,120.1825738,ix_wsj7ybd5,NE,ix_wsj7ybd5,1
dt_wsjxvxqjr,0.6068,23.9030653,120.4846413,ix_wsjxvxmf,NE,ix_wsjxvxmf,2
dt_wsm8knvbg,0.6065,23.9874132,120.4182125,ix_wsm8kny4,SW,ix_wsm8kny4,1
dt_wsqeut82v,0.6065,24.5958117,121.8389538,ix_wsqeut82,NE,ix_wsqeut82,1
dt_wsje31pfd,0.6061,23.077243,120.2890599,ix_wsje31ps,SE,ix_wsje31ps,1
dt_wsqmcf14z,0.606,24.9284601,121.3676553,ix_wsqmcccr,NW,ix_wsqmcccr,1
dt_wsmc3hv8p,0.606,24.1520744,120.6377673,ix_wsmc3htk,NE,ix_wsmc3htk,2
dt_wsj8cru29,0.6059,22.674524,120.2952239,ix_wsj8cru3,SW,ix_wsj8cru3,1
dt_wsj89zc39,0.6058,22.6307581,120.3130731,ix_wsj89zc0,NE,ix_wsj89zc0,1
dt_wsje9hr3e,0.6055,23.1388559,120.2884347,ix_wsje9hr3,SE,ix_wsje9hr3,1
dt_wsmgv3z3h,0.6055,24.575224,120.8267998,ix_wsmgv3z3,SW,ix_wsmgv3z3,1
dt_wsm8r3w3y,0.6053,23.9587632,120.5618588,ix_wsm8r3w3,NE,ix_wsm8r3w3,2
dt_wsqqtn9ss,0.6053,25.0853423,121.5110539,ix_wsqqtn9w,SW,ix_wsqqtn9w,1
dt_wsmcej4su,0.6051,24.1982231,120.7214194,ix_wsmcej4u,NW,ix_wsmcej4u,1
dt_wsqqsmfbd,0.6046,25.0805276,121.4797077,ix_wsqqsmfc,SE,ix_wsqqsmfc,2
dt_wsj9nvsum,0.6046,22.7067633,120.5377773,ix_wsj9nvsy,SE,ix_wsj9nvsy,1
dt_wsjdbxe0n,0.6044,23.024608,120.260738,ix_wsjdbxe2,SW,ix_wsjdbxe2,2
dt_wsjts9mse,0.6042,23.4744368,120.4398261,ix_wsjts9m6,NE,ix_wsjts9m6,1
dt_wsmc38sp4,0.6041,24.1299367,120.6574708,ix_wsmc38ez,SE,ix_wsmc38ez,2
dt_wsqqhqmtv,0.6039,24.9962577,121.4836351,ix_wsqqhqms,NE,ix_wsqqhqm6,2
dt_wsqqtd89z,0.6037,25.0628922,121.5317662,ix_wsqqtd2x,NE,ix_wsqqtd2x,1
dt_wsjsu4uvr,0.6036,23.3509806,120.4170047,ix_wsjsu4vj,SW,ix_wsjsu4vj,3
dt_wsqqw0myt,0.6033,25.05134,121.5608541,ix_wsqqw0mz,SE,ix_wsqqw0mz,1
dt_wsqq20vx9,0.6032,25.0102918,121.2966798,ix_wsqq21j2,SE,ix_wsqq21j2,1
dt_wsj89g5r6,0.6031,22.6056414,120.3158635,ix_wsj89g5p,NE,ix_wsj89g5p,1
dt_wsqjxksc1,0.6031,24.8979442,121.262704,ix_wsqjxks9,SE,ix_wsqjxks9,2
dt_wsqq77fpw,0.6031,25.0268011,121.4348899,ix_wsqq77fp,NW,ix_wsqq77fp,1
dt_wsj6r9zdu,0.6029,22.9056167,120.2229121,ix_wsj6r9zd,NE,ix_wsj6r9zd,1
dt_wsj8fdhbk,0.6026,22.6428926,120.3509352,ix_wsj8fdhf,SE,ix_wsj8fdhf,2
dt_wsj9jc9ts,0.6026,22.6849776,120.4892931,ix_wsj9jc9d,NW,ix_wsj9jc9d,1
dt_wsj8cx40n,0.6024,22.6703086,120.3033052,ix_wsj8cx43,SW,ix_wsj8cx43,2
dt_wsj6zq9mm,0.6024,23.0200196,120.2033526,ix_wsj6zq96,NE,ix_wsj6zq96,1
dt_wsj6z2cv5,0.6021,22.988413,120.2039738,ix_wsj6z2f1,NW,ix_wsj6z2f1,1
dt_wsqeut7ct,0.6021,24.5945355,121.8437797,ix_wsqeut7f,SE,ix_wsqeut7f,2
dt_wsjd8yu5e,0.6021,22.9771683,120.2729846,ix_wsjd8yuk,SW,ix_wsjd8yuk,1
dt_wsqqk0jn7,0.6021,25.0059786,121.4718489,ix_wsqqk0m1,SE,ix_wsqqk0m1,1
dt_wsqmcvzqd,0.602,24.9497254,121.3760412,ix_wsqmcvzq,NW,ix_wsqmcvzq,1
dt_wsqq7u69j,0.6019,25.0284179,121.4575139,ix_wsqq7u69,SW,ix_wsqq7u6k,2
dt_wsjxh1e82,0.6018,23.7387568,120.4149788,ix_wsjxh1e3,SE,ix_wsjxh1e3,2
dt_wsj8drqsb,0.6016,22.6285579,120.3421969,ix_wsj8drqs,NW,ix_wsj8drqs,1
dt_wsqqs9t3m,0.6013,25.0573044,121.4942542,ix_wsqqs9t3,SE,ix_wsqqs9t3,1
dt_wsj6qzq30,0.6012,22.935507,120.1880638,ix_wsj6qzq7,SW,ix_wsj6qzq7,3
dt_wsjd4jtuf,0.6012,22.8826226,120.3302872,ix_wsjd4jtz,SW,ix_wsjd4jtz,1
dt_wsmbtmqc2,0.6011,24.0232224,120.8259404,ix_wsmbtmq9,SE,ix_wsmbtmq9,2
dt_wsj8760ck,0.6011,22.5551648,120.3784206,ix_wsj8760b,NW,ix_wsj8760b,2
dt_wsqjwwgbv,0.6008,24.9102806,121.2285493,ix_wsqjwwgb,NE,ix_wsqjwwgb,1
dt_wsjfc4jxw,0.6003,22.9956877,120.6377043,ix_wsjfc4jv,NW,ix_wsjfc4jv,2
dt_wsj6zs5h7,0.6002,23.0061254,120.2166647,ix_wsj6zs5h,NW,ix_wsj6zs5h,1
dt_wsj8cf6ef,0.6001,22.6448739,120.3148285,ix_wsj8cf6g,NW,ix_wsj8cf6g,1
dt_wsmc64gec,0.6001,24.141738,120.6786888,ix_wsmc64ge,NW,ix_wsmc64ge,2
dt_wsqqwvgcv,0.5999,25.0807215,121.5910812,ix_wsqqwvgc,NE,ix_wsqqwvuh,3
dt_wsj96wpur,0.5999,22.7534503,120.3552095,ix_wsj96wpu,NE,ix_wsj96wpu,2
dt_wsj85pkrk,0.5993,22.5410794,120.3722314,ix_wsj85pkp,SE,ix_wsj85pkp,1
dt_wsj9kc929,0.5988,22.7280617,120.4449002,ix_wsj9kc9e,SW,ix_wsj9kc9e,1
dt_wsj89xvkm,0.5988,22.6312198,120.3077215,ix_wsj89xv5,NE,ix_wsj89xvd,2
dt_wsq2j2rz2,0.5986,23.9088711,121.5304407,ix_wsq2j2rz,NW,ix_wsq2j2rz,1
dt_wsqqx0csk,0.598,25.0537072,121.5989138,ix_wsqqx0cs,NE,ix_wsqqx0cs,1
dt_wsj6xt655,0.5978,22.9688343,120.2153008,ix_wsj6xt6m,SW,ix_wsj6xt6m,3
dt_wsj8c4x0z,0.5977,22.6457299,120.2882559,ix_wsj8c4x1,SE,ix_wsj8c4x1,1
dt_wsqr71jty,0.5977,25.1871863,121.4287326,ix_wsqr71jv,NW,ix_wsqr71jv,2
dt_wsjmn8060,0.5976,23.3792897,120.1688329,ix_wsjmn806,SW,ix_wsjmn806,1
dt_wsqqmtkuw,0.5976,25.0345303,121.5375553,ix_wsqqmtku,SW,ix_wsqqmtku,1
dt_wsqq6g71v,0.5973,25.0230693,121.4142685,ix_wsqq6g74,SE,ix_wsqq6g74,1
dt_wsqqk1v41,0.5972,25.014849,121.4717627,ix_wsqqk1v4,NW,ix_wsqqk1v4,1
dt_wsqmbhqj4,0.5971,24.9412345,121.2974212,ix_wsqmbhq5,NW,ix_wsqmbhq5,1
dt_wsj95s6xg,0.5969,22.700497,120.3917543,ix_wsj95sd8,SW,ix_wsj95sd8,3
dt_wsqq7nfch,0.5969,25.04214,121.4248795,ix_wsqq7ndz,NW,ix_wsqq7ndz,1
dt_wsj8nu241,0.5966,22.5237057,120.5310714,ix_wsj8nu24,SW,ix_wsj8nu24,1
dt_wsqq7j0gs,0.5962,25.0329578,121.4221311,ix_wsqq7j0g,NW,ix_wsqq7j0g,2
dt_wsqqe6d2h,0.5959,25.0625611,121.4351737,ix_wsqqe66r,NE,ix_wsqqe66r,1
dt_wsj898sqq,0.5955,22.5917342,120.3064105,ix_wsj898sm,NE,ix_wsj898sm,4
dt_wsmc1b1j7,0.5954,24.0829707,120.6643743,ix_wsmc1b1n,SE,ix_wsmc1b1n,1
dt_wsqnn7g2j,0.5954,24.9815641,121.2168691,ix_wsqnn7er,NW,ix_wsqnn7er,1
dt_wsjxh46v9,0.5953,23.7437795,120.4139909,ix_wsjxh46t,NE,ix_wsjxh46t,1
dt_wsj7pshwz,0.5947,23.0504826,120.2189041,ix_wsj7pshz,SW,ix_wsj7pshz,2
dt_wsjd3nhf0,0.5946,22.9288429,120.2848828,ix_wsjd3nh9,NE,ix_wsjd3nh9,1
dt_wsmc6r05d,0.5945,24.1650372,120.6849279,ix_wsmc6r0h,SW,ix_wsmc6r0h,1
dt_wsm8zn969,0.5945,24.0742416,120.543783,ix_wsm8zn94,NE,ix_wsm8zn94,1
dt_wsj912vus,0.5941,22.6806956,120.2973783,ix_wsj912vu,SW,ix_wsj912vu,1
dt_wsj8cy8vb,0.5941,22.6685568,120.3123138,ix_wsj8cy8v,NW,ix_wsj8cy8v,2
dt_wsj899enj,0.594,22.5971814,120.3046584,ix_wsj899du,NE,ix_wsj899du,1
dt_wsj7pf48z,0.5939,23.0384741,120.2271626,ix_wsj7pcfw,NE,ix_wsj7pcfw,1
dt_wsqhfgcx1,0.5937,24.7630291,121.0604935,ix_wsqhfgcr,SE,ix_wsqhfgcr,1
dt_wsj6rsn63,0.5937,22.9178905,120.2210348,ix_wsj6rsn1,NE,ix_wsj6rsn1,1
dt_wsj6yf9rh,0.5936,22.9983364,120.1813502,ix_wsj6yf9r,SE,ix_wsj6yf9r,1
dt_wsmc3rh0s,0.5935,24.1645248,120.6465765,ix_wsmc3qgz,NE,ix_wsmc3qgz,1
dt_wsj6xnv0y,0.5934,22.9767027,120.1975925,ix_wsj6xnv2,NW,ix_wsj6xnv2,1
dt_wsqq9gzbe,0.5933,25.0695329,121.3767811,ix_wsqqd5b4,SW,ix_wsqqd5b4,1
dt_wsqnq63jx,0.593,25.0182267,121.2138662,ix_wsqnq63h,NE,ix_wsqnq63h,1
dt_wsj8cdv3w,0.5929,22.6472295,120.3077888,ix_wsj8cdv6,SE,ix_wsj8cdv6,1
dt_wsj912d3j,0.5929,22.6787353,120.2926369,ix_wsj912d3,SW,ix_wsj912d3,1
dt_wsjwx2n8g,0.5928,23.6427134,120.5620764,ix_wsjwrryr,NE,ix_wsjwrryr,1
dt_wsqqv6xqj,0.5927,25.1075561,121.5299842,ix_wsqqv6xw,SW,ix_wsqqv6xw,1
dt_wsqt4bbr4,0.5927,24.790519,121.7619241,ix_wsqt4bbr,NW,ix_wsqt4bbr,2
dt_wsj9jb3tj,0.5927,22.6780363,120.489369,ix_wsj9jb3r,SE,ix_wsj9jb3r,1
dt_wsqnnp2cz,0.5927,25.0010889,121.2025176,ix_wsqnnp34,SW,ix_wsqnnp34,1
dt_wsj8dyxdv,0.5925,22.6241018,120.3657466,ix_wsj8dyxe,SW,ix_wsj8dyxe,1
dt_wsmcf65b8,0.5925,24.2249643,120.6899898,ix_wsmcf65b,SW,ix_wsmcf65b,2
dt_wsqqj8z0c,0.5923,24.9652277,121.5404411,ix_wsqqj8z1,SW,ix_wsqqj8z1,2
dt_wsqjyqhqn,0.5922,24.9510011,121.2182685,ix_wsqjyqhk,NE,ix_wsqjyqhk,1
dt_wsqnt3m51,0.5921,25.0562211,121.1751287,ix_wsqnt3ku,SE,ix_wsqnt3ku,1
dt_wsj8cxrgq,0.592,22.6722503,120.3112069,ix_wsj8cz25,NW,ix_wsj8cz25,2
dt_wsj9dhs5c,0.592,22.7890691,120.3278139,ix_wsj9dhsh,SE,ix_wsj9dhsh,1
dt_wsmc162x6,0.5919,24.0956546,120.6416684,ix_wsmc162x,NE,ix_wsmc162x,1
dt_wsj89s7gd,0.5917,22.6118433,120.3055288,ix_wsj89s7g,NE,ix_wsj89s7g,1
dt_wsm9yx793,0.5915,24.2539159,120.5248998,ix_wsm9yx76,SE,ix_wsm9yx76,1
dt_wsm9ywq38,0.5912,24.2484995,120.5286318,ix_wsm9ywq3,SW,ix_wsm9ywq3,1
dt_wsm9pbqc3,0.591,24.0836296,120.5842778,ix_wsm9pbqb,NW,ix_wsm9pbqb,1
dt_wsm8yz9k8,0.5909,24.0800972,120.5327343,ix_wsm8yz9k,SW,ix_wsm8yz9k,1
dt_wsqjyq16g,0.5908,24.9504246,121.214022,ix_wsqjyq16,NW,ix_wsqjyq1d,2
dt_wsqsfwytm,0.5908,24.7792023,121.7596336,ix_wsqsfwyt,SE,ix_wsqsfwyt,1
dt_wsj8dts4t,0.5907,22.6185673,120.3499625,ix_wsj8dteg,SE,ix_wsj8dteg,1
dt_wsjwywer0,0.5907,23.7234504,120.5245002,ix_wsjwywex,SW,ix_wsjwywex,2
dt_wsqj18kqn,0.5904,24.7875913,121.0095247,ix_wsqj18km,NE,ix_wsqj18km,1
dt_wsqqe833q,0.5903,25.0504554,121.4448522,ix_wsqqe833,SE,ix_wsqqe833,1
dt_wsm9q062h,0.5899,24.1273542,120.5013396,ix_wsm9q04r,NW,ix_wsm9q04r,1
dt_wsqmuyufr,0.5899,24.9544624,121.5046544,ix_wsqmuyv0,NW,ix_wsqmuyv0,2
dt_wsmb6njyg,0.5897,23.984337,120.6818779,ix_wsmb6nnn,NW,ix_wsmb6nnn,1
dt_wsj8cb744,0.5896,22.6335549,120.3155221,ix_wsj8cb6f,SE,ix_wsj8cb6f,1
dt_wsjtv6dzc,0.5895,23.525824,120.4689263,ix_wsjtv6dx,SE,ix_wsjtv6dx,1
dt_wsqqwtqt2,0.5893,25.0785941,121.583637,ix_wsqqwtqm,NE,ix_wsqqwtqm,2
dt_wsj8cysct,0.589,22.6678281,120.3180374,ix_wsj8cysf,SW,ix_wsj8cysf,2
dt_wsmc9bwr4,0.5889,24.1739068,120.6715181,ix_wsmc9bwr,SE,ix_wsmc9bwr,1
dt_wsn0fjd77,0.5889,22.662622,121.0286167,ix_wsn0fjd6,NW,ix_wsn0fjd6,1
dt_wsj86x7ye,0.5888,22.5849249,120.3495572,ix_wsj86x7y,NW,ix_wsj86x7y,2
dt_wsjts9x42,0.5888,23.4754578,120.4417494,ix_wsjts9x3,NW,ix_wsjts9x3,1
dt_wsmc3q61m,0.5887,24.1605464,120.6438604,ix_wsmc3q61,SW,ix_wsmc3q61,1
dt_wsqq5qnse,0.5887,24.9946794,121.4409525,ix_wsqq5qns,SW,ix_wsqq5qns,1
dt_wsqqwcjr6,0.5885,25.0555711,121.5929969,ix_wsqqwcm2,SE,ix_wsqqwcm2,1
dt_wsj99mwvp,0.5884,22.7947497,120.2989137,ix_wsj99mwu,NE,ix_wsj99mwu,1
dt_wsqn7gvze,0.5884,25.0267699,121.1103276,ix_wsqn7ujb,SW,ix_wsqn7ujb,1
dt_wsj8cgvsx,0.5884,22.6532187,120.3191413,ix_wsj8cgvw,SE,ix_wsj8cgvw,1
dt_wsqnpebv0,0.5883,24.9824206,121.2681262,ix_wsqnpebv,SW,ix_wsqnpebv,1
dt_wsmuqzw1h,0.5881,24.6947171,120.8910123,ix_wsmuqzqn,NE,ix_wsmuqzqn,1
dt_wsj92czdr,0.588,22.7297341,120.2779759,ix_wsj92czf,NW,ix_wsj92czf,2
dt_wsqqjf0z8,0.5878,24.973234,121.5427851,ix_wsqqjf2b,SW,ix_wsqqjf2b,2
dt_wsqqdj7tf,0.5874,25.0786795,121.3818501,ix_wsqqdj7q,SE,ix_wsqqdj7q,1
dt_wsqhczffd,0.5872,24.7842372,121.0183064,ix_wsqhczff,NE,ix_wsqhczff,1
dt_wsjxyy5b4,0.587,23.8952886,120.5362794,ix_wsjxyy5b,NE,ix_wsjxyy5b,1
dt_wsqq7uz3x,0.5867,25.0312721,121.4641216,ix_wsqq7uz0,NE,ix_wsqq7uz0,2
dt_wsj7r147z,0.5866,23.0774291,120.1938234,ix_wsj7r144,NE,ix_wsj7r144,2
dt_wsqmbpp59,0.5864,24.9560681,121.2987555,ix_wsqmbpp0,NW,ix_wsqmbpp0,1
dt_wsmuwck9k,0.5864,24.7043584,120.8889401,ix_wsmuwckd,SW,ix_wsmuwckd,1
dt_wsqj0sxt2,0.5864,24.8107912,120.9697778,ix_wsqj0sxw,SW,ix_wsqj0sxw,1
dt_wsje9e5gw,0.5864,23.132346,120.3057321,ix_wsje9eh5,SW,ix_wsje9eh5,1
dt_wsqq207cf,0.5862,25.0065861,121.2943233,ix_wsqq205w,NE,ix_wsqq205w,2
dt_wsqqktt33,0.5862,25.0353161,121.4941118,ix_wsqqktt3,SW,ix_wsqqktt3,1
dt_wsj8drue2,0.5861,22.6310225,120.3394407,ix_wsj8dru6,NE,ix_wsj8dru6,1
dt_wsmc8dkqy,0.586,24.1834821,120.6140172,ix_wsmc8ds2,SW,ix_wsmc8ds2,1
dt_wsmc66zbj,0.5858,24.1411221,120.6956867,ix_wsmc66ze,SE,ix_wsmc66ze,1
dt_wsj84yj1q,0.5858,22.5331778,120.3623537,ix_wsj84yjh,SE,ix_wsj84yjh,1
dt_wsqqmwsyu,0.5857,25.0417715,121.5374588,ix_wsqqmwsw,NE,ix_wsqqmwsw,3
dt_wsm8r3qwu,0.5857,23.9582497,120.5620977,ix_wsm8r3qx,SW,ix_wsm8r3qx,2
dt_wsj6ze8xx,0.5857,23.003923,120.2134322,ix_wsj6ze8z,SW,ix_wsj6ze8z,1
dt_wsj8v9wv6,0.5857,22.6409934,120.4854712,ix_wsj8v9wv,SW,ix_wsj8v9wv,1
dt_wsj960vxz,0.5856,22.725193,120.3301439,ix_wsj961j2,SE,ix_wsj961j2,1
dt_wsj7pm9x3,0.5856,23.0588213,120.2035231,ix_wsj7pm9t,NE,ix_wsj7pm9t,1
dt_wsjehhg95,0.5856,23.0536355,120.4151316,ix_wsjehhg8,NE,ix_wsjehhg8,1
dt_wsm9nhkg1,0.5853,24.1059184,120.5046344,ix_wsm9nhm1,NW,ix_wsm9nhm1,1
dt_wsj84csp4,0.5852,22.5094791,120.3608401,ix_wsj84cez,SE,ix_wsj84cez,1
dt_wsmc3mk6u,0.5851,24.1553182,120.6469124,ix_wsmc3mk6,NW,ix_wsmc3mk6,5
dt_wsqqkzmcw,0.585,25.0449811,121.5059907,ix_wsqqkzmd,SE,ix_wsqqkzmd,1
dt_wsj6ze9vv,0.5847,23.0036442,120.2150502,ix_wsj6ze9z,SW,ix_wsj6ze9z,1
dt_wsjw070pp,0.5846,23.5724003,120.2456887,ix_wsjw070p,SE,ix_wsjw070p,1
dt_wsjwuu8vf,0.5846,23.7122413,120.4442599,ix_wsjwuu8v,NE,ix_wsjwuu8v,3
dt_wsqhfwtzn-2,0.5845,24.7781549,121.0555435,ix_wsqhfwtv,NE,ix_wsqhfwtv,1
dt_wsj8fd58j,0.5844,22.6428319,120.3492963,ix_wsj8f9gt,NE,ix_wsj8f9gt,1
dt_wsmuhbb5v,0.5843,24.6141717,120.794926,ix_wsmuhbbh,SE,ix_wsmuhbbh,2
dt_wsjt6jbsz,0.5843,23.4552936,120.3232739,ix_wsjt6jbv,SW,ix_wsjt6jbv,1
dt_wsmgtxqjt,0.5841,24.5622709,120.8361255,ix_wsmgtxqn,SE,ix_wsmgtxqn,1
dt_wsj89tew9,0.584,22.6192463,120.3051775,ix_wsj89teq,NE,ix_wsj89teq,1
dt_wsj89n31z,0.5839,22.6225531,120.2800169,ix_wsj89n37,SW,ix_wsj89n37,1
dt_wsj8d63x0,0.5833,22.6014545,120.3353409,ix_wsj8d63u,NW,ix_wsj8d63u,1
dt_wsjsgjb3n,0.5832,23.3667484,120.3668245,ix_wsjsgj8q,NW,ix_wsjsgj8q,1
dt_wsqn5cxrr,0.5831,24.9704327,121.1125752,ix_wsqn5cxr,SE,ix_wsqn5cxr,1
dt_wsj6z0bkm,0.5831,22.9882809,120.1910144,ix_wsj6z0bk,SW,ix_wsj6z0bk,2
dt_wsjkmt4rt,0.5828,23.2758509,120.1278314,ix_wsjkmt4r,SE,ix_wsjkmt4r,2
dt_wsmc9bwjg,0.5827,24.1736956,120.6712424,ix_wsmc9bwj,NW,ix_wsmc9bwr,2
dt_wsmc9unpk,0.5826,24.1931473,120.6712612,ix_wsmc9unn,NW,ix_wsmc9unn,1
dt_wsqqtvxtu,0.5826,25.0800308,121.5522445,ix_wsqqtvxt,NE,ix_wsqqtvxt,2
dt_wsmc6pgk3,0.5823,24.1693154,120.6783623,ix_wsmc6pgp,SE,ix_wsmc6pgp,1
dt_wsjdjvs2n,0.582,22.8818111,120.4931558,ix_wsjdjvs2,SE,ix_wsjdjvs2,1
dt_wsj6yuu77,0.5818,23.0100846,120.1854422,ix_wsj6yuu6,NE,ix_wsj6yuu6,1
dt_wsj912w12,0.5818,22.6787603,120.2975526,ix_wsj912w2,NW,ix_wsj912w2,1
dt_wsmc96q8d,0.5813,24.1823794,120.649896,ix_wsmc96ny,NW,ix_wsmc96ny,1
dt_wsj6wyqxt,0.5812,22.975097,120.1885946,ix_wsj6wyqw,NW,ix_wsj6wyqw,1
dt_wsqqqjfj2,0.5811,25.0374037,121.5555213,ix_wsqqqjcz,SE,ix_wsqqqjcz,1
dt_wsqjw2k75,0.581,24.8749725,121.2181602,ix_wsqjw2kk,SW,ix_wsqjw2kk,1
dt_wsmc611xn,0.5807,24.1326851,120.6761743,ix_wsmc6139,SE,ix_wsmc6139,1
dt_wsjejdbnn,0.5807,23.0434977,120.4763507,ix_wsjejdbn,SE,ix_wsjejdbn,1
dt_wsqs5g9w3,0.5807,24.6297068,121.8075391,ix_wsqs5g9w,SW,ix_wsqs5g9w,1
dt_wsmcgne1m,0.5806,24.2498157,120.7221469,ix_wsmcgne0,NW,ix_wsmcgne0,1
dt_wsjd8mj6m,0.5804,22.9673148,120.2528195,ix_wsjd8mj6,SW,ix_wsjd8mj6,1
dt_wsqqqy9sg,0.5803,25.0414381,121.5878887,ix_wsqqqy9r,SE,ix_wsqqqy9r,2
dt_wsm85tf1u,0.5801,23.9381601,120.3911232,ix_wsm85tf1,NE,ix_wsm85tf1,1
dt_wsj8cnwqx,0.58,22.6686664,120.2872226,ix_wsj8cny0,SE,ix_wsj8cny0,1
dt_wsmc6mdd2,0.58,24.156582,120.6882595,ix_wsmc6mdd,NW,ix_wsmc6mdd,1
dt_wsj89frkk,0.5799,22.6009813,120.3214125,ix_wsj89fr7,NW,ix_wsj89fr7,2
dt_wsmc39bc7,0.5795,24.1358101,120.6530441,ix_wsmc39bb,NE,ix_wsmc39bb,1
dt_wsqnnprwc,0.5791,25.0019277,121.2115425,ix_wsqnnprx,SE,ix_wsqnnprx,2
dt_wsj6zbnhc,0.5786,22.9842184,120.2317019,ix_wsj6zbnm,SW,ix_wsj6zbnm,1
dt_wsj6z3h8s,0.5784,22.9890203,120.2077924,ix_wsj6z3h8,NE,ix_wsj6z3h8,1
dt_wsjwt7q7j,0.5783,23.6609715,120.4738999,ix_wsjwt7q6,NW,ix_wsjwt7q6,1
dt_wsjttppkr,0.5783,23.5059879,120.4643805,ix_wsjttppk,SE,ix_wsjttppk,1
dt_wsqmuy9wg,0.5782,24.95386,121.5000207,ix_wsqmuy9x,SE,ix_wsqmuy9x,1
dt_wsmcdtx3n,0.5782,24.2003185,120.7060378,ix_wsmcdtx7,SE,ix_wsmcdtx7,1
dt_wsjd9re2h,0.5781,22.9806647,120.2939648,ix_wsjd9re4,SE,ix_wsjd9re4,1
dt_wsj8g2b9h,0.5779,22.6361501,120.378075,ix_wsj8g28r,NE,ix_wsj8g28r,1
dt_wsjd09cmp,0.5778,22.8620595,120.2583882,ix_wsjd09cm,SE,ix_wsjd09cm,1
dt_wsqqtu1xz,0.5778,25.0721561,121.5441446,ix_wsqqtu38,SE,ix_wsqqtu3c,4
dt_wsqt733g5,0.5776,24.8365089,121.7860127,ix_wsqt733g,SE,ix_wsqt733g,1
dt_wsqnp3uc0,0.5771,24.970764,121.2626607,ix_wsqnp3v1,SW,ix_wsqnp3v1,1
dt_wsj89n3tz,0.577,22.6232183,120.2806955,ix_wsj89n9b,SW,ix_wsj89n9b,1
dt_wsqqt5ter,0.5768,25.0686372,121.5166562,ix_wsqqt5tg,NW,ix_wsqqt5tg,1
dt_wsm9z4fbs,0.5768,24.229061,120.5459513,ix_wsm9z4f8,SE,ix_wsm9z4f8,2
dt_wsj963bke,0.5768,22.7301252,120.3337634,ix_wsj963bq,SE,ix_wsj963bq,1
dt_wsje2j355,0.5766,23.1006777,120.2359033,ix_wsje2j34,NE,ix_wsje2j34,2
dt_wsm9zkhep,0.5759,24.2363829,120.5594976,ix_wsm9zkhe,SE,ix_wsm9zkhe,1
dt_wsmc45zmf,0.5755,24.103658,120.683874,ix_wsmc45zq,SW,ix_wsmc45zq,1
dt_wsqqtuqce,0.5754,25.0724548,121.5511859,ix_wsqqtur0,NW,ix_wsqqtur0,2
dt_wsj8x221n,0.5753,22.5894496,120.5532618,ix_wsj8x20q,NW,ix_wsj8x20q,1
dt_wsqjj3nn5,0.5752,24.7917135,121.1766164,ix_wsqjj3ju,NE,ix_wsqjj3ju,1
dt_wsjtsc5x1,0.5752,23.4735135,120.4479968,ix_wsjtsc78,SE,ix_wsjtsc78,1
dt_wsj8fvp88,0.5751,22.6594049,120.3655432,ix_wsj8fvp8,NW,ix_wsj8fvp8,1
dt_wsqr5qt1u,0.575,25.1727408,121.4389541,ix_wsqr5qt4,SE,ix_wsqr5qt4,3
dt_wsm9zr5ph,0.5749,24.2535392,120.5572882,ix_wsm9zr5p,SE,ix_wsm9zr5p,1
dt_wsj8dsfz3,0.5748,22.6152305,120.3480778,ix_wsj8dt4b,SW,ix_wsj8dt4b,2
dt_wsqqw9m2k,0.5748,25.0557466,121.5820992,ix_wsqqw9m2,NW,ix_wsqqw9m2,1
dt_wsqjehrz9,0.5747,24.8977042,121.0800443,ix_wsqjehx8,SE,ix_wsqjehx8,1
dt_wsmc12dme,0.5747,24.0857615,120.6440975,ix_wsmc12dm,SW,ix_wsmc12dm,1
dt_wsj8s93t2,0.5746,22.5956653,120.4342029,ix_wsj8s93m,SE,ix_wsj8s93m,1
dt_wsjzh0epw,0.5744,23.7345166,120.7661346,ix_wsjzh0ep,NE,ix_wsjzh0ep,1
dt_wsmc45fyr,0.5743,24.1037183,120.6779416,ix_wsmc45fz,SE,ix_wsmc45fz,1
dt_wsqq46qcf,0.574,24.9735977,121.3973068,ix_wsqq46qc,NW,ix_wsqq46qc,2
dt_wsj89wgjd,0.5738,22.6259186,120.3045074,ix_wsj89wfv,SE,ix_wsj89wfv,1
dt_wsqqvhhsn,0.5738,25.1154449,121.5152329,ix_wsqqvhhe,NW,ix_wsqqvhhe,1
dt_wsj8fuys2,0.5734,22.658676,120.3641765,ix_wsj8fuys,NW,ix_wsj8fuys,1
dt_wsjxyv1dw,0.5732,23.8902212,120.5333242,ix_wsjxyucx,NE,ix_wsjxyucx,1
dt_wsqqnmthd,0.5732,24.9919444,121.5706778,ix_wsqqnmt7,NW,ix_wsqqnmt7,1
dt_wsj8tsqtp,0.5732,22.6121069,120.4853416,ix_wsj8tsqt,SE,ix_wsj8tsqt,1
dt_wsq029cp9,0.5732,23.9611253,120.9608904,ix_wsq029bz,NE,ix_wsq029bz,1
dt_wsqjxd61g,0.5732,24.8857141,121.2699937,ix_wsqjxd61,SE,ix_wsqjxd61,2
dt_wsqqk4p7r,0.573,25.0164516,121.4751088,ix_wsqqk4p7,NW,ix_wsqqk4p7,2
dt_wsjs80qsu,0.573,23.2932228,120.243481,ix_wsjs80qt,SE,ix_wsjs80qt,1
dt_wsjs9669d,0.5729,23.3036545,120.2928619,ix_wsjs966d,SW,ix_wsjs966d,2
dt_wsqqjykkr,0.5729,24.9960406,121.5478873,ix_wsqqjykn,SE,ix_wsqqjykn,2
dt_wsqw87xzv,0.5726,25.0694117,121.6624975,ix_wsqw87zb,SE,ix_wsqw87zb,1
dt_wsje04v3s,0.5725,23.0427114,120.2417788,ix_wsje04ve,SW,ix_wsje04ve,2
dt_wsqqqp155,0.5722,25.0438616,121.5542734,ix_wsqqqp0v,SE,ix_wsqqqp0v,1
dt_wsjwyc1ub,0.5721,23.6928348,120.5334439,ix_wsjwyc1v,SW,ix_wsjwyc1v,2
dt_wsqqe2t54,0.5719,25.0521142,121.4388615,ix_wsqqe2t5,SE,ix_wsqqe2t5,2
dt_wsj6z1ej0,0.5714,22.9925077,120.1945539,ix_wsj6z1dc,NE,ix_wsj6z1dc,1
dt_wsj96t4nv,0.571,22.7483931,120.34722,ix_wsj96t4j,NE,ix_wsj96t4j,1
dt_wsmc6ec6h,0.5709,24.146921,120.697705,ix_wsmc6ec3,NW,ix_wsmc6ec3,2
dt_wsje4xk5d,0.5708,23.0677881,120.3498205,ix_wsje4x7g,SE,ix_wsje4x7g,1
dt_wsj8k5uev,0.5708,22.5651885,120.4165891,ix_wsj8k5ug,NW,ix_wsj8k5ug,2
dt_wsmb41pqy,0.5707,23.9129438,120.6840555,ix_wsmb41r9,SW,ix_wsmb41r9,1
dt_wsm9xc2e4,0.5707,24.1773071,120.5757651,ix_wsm9xc2s,SE,ix_wsm9xc2s,1
dt_wsqj92e0f,0.5702,24.8759532,120.9966375,ix_wsqj92e0,NW,ix_wsqj92e0,1
dt_wsjd0pthx,0.5696,22.8935539,120.2415548,ix_wsjd0pt1,NE,ix_wsjd0pt1,1
dt_wsjtsbxvd,0.5694,23.470497,120.4538552,ix_wsjtt0b1,SW,ix_wsjtt0b1,1
dt_wsj91fph8,0.5692,22.6875534,120.320933,ix_wsj91fpj,SW,ix_wsj91fpj,1
dt_wsqmvp8wp,0.5692,24.9592622,121.509817,ix_wsqmvp8t,NE,ix_wsqmvp8t,1
dt_wsjtt5vut,0.5691,23.4881954,120.4622268,ix_wsjtt5vu,SE,ix_wsjtt5vu,2
dt_wsjt2nqwj,0.569,23.4582205,120.2435338,ix_wsjt2nw2,SE,ix_wsjt2nw2,1
dt_wsj8f2ysh,0.5688,22.6366516,120.3423735,ix_wsj8f2ye,NE,ix_wsj8f2ye,1
dt_wsqmb4myp,0.5688,24.9303896,121.2972882,ix_wsqmb4mv,NE,ix_wsqmb4mv,1
dt_wsje1s2nj,0.5687,23.0517484,120.3005153,ix_wsje1s2p,SW,ix_wsje1s2p,2
dt_wsj6qbbhf,0.5683,22.9004537,120.1795481,ix_wsj6qbbj,SW,ix_wsj6qbbj,1
dt_wsqntdfhz,0.5683,25.0647633,121.1822818,ix_wsqntdfj,SE,ix_wsqntdfj,1
dt_wsmb40np3,0.5682,23.9075094,120.6821233,ix_wsmb40nm,NW,ix_wsmb40nm,1
dt_wsqjsmd0j,0.5681,24.903297,121.1272381,ix_wsqjsmd4,SW,ix_wsqjsmd4,1
dt_wsqjexbh2,0.568,24.9163816,121.0913434,ix_wsqjexbh,NW,ix_wsqjexbh,1
dt_wsqq98e0d,0.568,25.0516741,121.3592076,ix_wsqq98db,NE,ix_wsqq98db,1
dt_wsj6rurz4,0.568,22.9200561,120.2341415,ix_wsj6rurv,NE,ix_wsj6rurv,1
dt_wsmf978m4,0.5679,24.3658231,120.6413057,ix_wsmf978m,SW,ix_wsmf978m,1
dt_wsq2nvw2f,0.5678,23.9366238,121.5943875,ix_wsq2nvw2,NW,ix_wsq2nvw2,1
dt_wsj6qyzsy,0.5677,22.9334367,120.1900042,ix_wsj6qyzx,SE,ix_wsj6qyzx,1
dt_wsj99qeg1-2,0.5676,22.7999153,120.2945338,ix_wsj99q7x,NE,ix_wsj99q7x,1
dt_wsmgv0qp3,0.5675,24.5680559,120.8139668,ix_wsmgv0qp,SW,ix_wsmgv0qp,1
dt_wsje5usq8,0.5674,23.0531905,120.4050306,ix_wsje5usw,SW,ix_wsje5usw,1
dt_wsj89n1nj,0.5673,22.6219096,120.2799462,ix_wsj89n1j,NE,ix_wsj89n1j,1
dt_wsje833qk,0.5671,23.123199,120.2472739,ix_wsje833m,NW,ix_wsje833m,2
dt_wsqq7t0hn,0.5671,25.0330533,121.4431333,ix_wsqq7t05,NW,ix_wsqq7t05,1
dt_wsqnx9142,0.567,25.0547281,121.2684928,ix_wsqnx914,NW,ix_wsqnx914,1
dt_wsmc1hwj3,0.5669,24.107661,120.6381737,ix_wsmc1hty,SE,ix_wsmc1hty,1
dt_wsj8f19m2,0.5668,22.6409843,120.3240048,ix_wsj8f19t,SW,ix_wsj8f19t,1
dt_wsqqmqzpp,0.5668,25.0431833,121.5297141,ix_wsqqmrp2,SW,ix_wsqqmrp2,1
dt_wsqjuxmsf,0.5667,24.9576509,121.1429071,ix_wsqjuxmt,SW,ix_wsqjuxmt,1
dt_wsje0n80x,0.5665,23.06317,120.2347092,ix_wsje0n81,SE,ix_wsje0n81,1
dt_wsj6zvxxz,0.5664,23.0149487,120.234003,ix_wsj6zvxv,NW,ix_wsj6zvxv,1
dt_wsj961g3k,0.5661,22.729562,120.3269254,ix_wsj961en,NE,ix_wsj961en,1
dt_wsqqm7zwr,0.566,25.0265876,121.5303949,ix_wsqqm7zv,NW,ix_wsqqm7zv,1
dt_wsjdbh25e,0.5659,23.0073851,120.2345096,ix_wsjdbh25,SW,ix_wsjdbh25,1
dt_wsqs6zq45-2,0.5653,24.6934992,121.7698498,ix_wsqs6znn,NE,ix_wsqs6znn,1
dt_wsj6zvj9u,0.5653,23.0111843,120.2311321,ix_wsj6zvjk,SE,ix_wsj6zvjk,1
dt_wsqqqhe96,0.5652,25.0298224,121.5576511,ix_wsqqqhe9,SE,ix_wsqqqhe9,1
dt_wsmuxdnx6,0.565,24.7094982,120.9245709,ix_wsmuxdnq,NE,ix_wsmuxdnq,1
dt_wsqqhq5wp,0.5647,24.9949595,121.4809441,ix_wsqqhq5w,SW,ix_wsqqhq5w,1
dt_wsj6rurt7,0.5647,22.9197926,120.2338398,ix_wsj6rurv,SW,ix_wsj6rurv,1
dt_wsmfcz24q,0.5647,24.429864,120.6631112,ix_wsmfcz24,SW,ix_wsmfcz24,1
dt_wsmbdm3py,0.5644,24.0243305,120.6864771,ix_wsmbdm2v,NE,ix_wsmbdm2v,1
dt_wsmbd05zx,0.5642,23.9954368,120.6793154,ix_wsmbd0k1,SW,ix_wsmbd0k1,1
dt_wsj92f4bp,0.5635,22.7307373,120.2714153,ix_wsj92f50,SW,ix_wsj92f50,1
dt_wsqnq9wtf,0.5629,25.0141483,121.232161,ix_wsqnq9ww,SE,ix_wsqnq9ww,1
dt_wsmgtnn4y,0.5624,24.5549515,120.8141633,ix_wsmgtnn5,SW,ix_wsmgtnn5,1
dt_wsjtktnfb,0.5623,23.4508318,120.4414173,ix_wsjtktph,SW,ix_wsjtktph,1
dt_wsj8mr8cj,0.5622,22.5853497,120.4663553,ix_wsj8mr8b,NE,ix_wsj8mr8b,1
dt_wsmbcq36g,0.5621,24.0729066,120.6427267,ix_wsmbcq36,NW,ix_wsmbcq36,3
dt_wsj86jhvd,0.562,22.572359,120.3288822,ix_wsj86jhv,NW,ix_wsj86jhv,2
dt_wsqq9cck2,0.5619,25.0591782,121.3676917,ix_wsqq9ccx,SW,ix_wsqq9ccx,1
dt_wsqjwwjd8,0.5617,24.9064666,121.2307245,ix_wsqjwwje,SW,ix_wsqjwwje,2
dt_wsqqqxs4x,0.5616,25.0465401,121.5805434,ix_wsqqqxs6,NW,ix_wsqqqxs6,1
dt_wsmc3m2hg,0.5612,24.1556705,120.6410381,ix_wsmc3m2j,SE,ix_wsmc3m2j,1
dt_wsjxzks8d,0.561,23.8871363,120.5592854,ix_wsjxzkkr,NE,ix_wsjxzkkr,1
dt_wsqqjc6tz,0.5609,24.9688218,121.5455068,ix_wsqqjc6e,NE,ix_wsqqjc6e,2
dt_wsmc1qvbu,0.5608,24.1192466,120.6489779,ix_wsmc1qvb,SE,ix_wsmc1qvb,1
dt_wsj7p0ug7,0.5607,23.0320428,120.1970912,ix_wsj7p0uw,SE,ix_wsj7p0uw,1
dt_wsj8c0yhr,0.5607,22.636693,120.2868811,ix_wsj8c0yh,SE,ix_wsj8c0yh,1
dt_wsje0fx3w,0.5606,23.0413357,120.2775872,ix_wsje0fx0,NE,ix_wsje0fx0,1
dt_wsqmgxbtj,0.5605,24.9604559,121.4438051,ix_wsqmgxb6,NE,ix_wsqmgxb6,1
dt_wsj938pg1,0.56,22.7202491,120.3110151,ix_wsj938pd,NE,ix_wsj938pd,1
dt_wsqj3pfye,0.5599,24.872799,120.9853854,ix_wsqj3pfy,SE,ix_wsqj3pfy,1
dt_wsqr5xcm4,0.5597,25.1801712,121.4447156,ix_wsqr5xcm,SE,ix_wsqr5xcm,2
dt_wsmuqt5xw,0.5595,24.6821014,120.8766816,ix_wsmuqt78,SW,ix_wsmuqt78,1
dt_wsmcvw3rd,0.5593,24.2494928,120.8294625,ix_wsmcvw3q,NE,ix_wsmcvw3q,1
dt_wsqwcvh3z,0.5592,25.1205474,121.723702,ix_wsqwcvh4,SE,ix_wsqwcvh4,1
dt_wsmb212tk,0.5591,23.9579804,120.5868132,ix_wsmb212d,NE,ix_wsmb212d,1
dt_wsqqm5gu0,0.5591,25.0261754,121.513963,ix_wsqqm5gs,SE,ix_wsqqm5gs,1
dt_wsqs70n2d,0.5591,24.6534069,121.7811418,ix_wsqs70n3,SW,ix_wsqs70n3,1
dt_wsj89n3t8,0.559,22.6232097,120.2803921,ix_wsj89n9b,SW,ix_wsj89n9b,1
dt_wsmc1wq7d,0.5584,24.1169686,120.6605282,ix_wsmc1wq6,NW,ix_wsmc1wq6,1
dt_wsj8dyz2f,0.5581,22.6250991,120.3652849,ix_wsj8dyxj,NE,ix_wsj8dyxj,2
dt_wsj6wzuy4,0.5581,22.9830758,120.1860857,ix_wsj6wzuy,SW,ix_wsj6wzuy,1
dt_wsqqefr80,0.558,25.0612091,121.4641893,ix_wsqqefpz,NW,ix_wsqqefpz,1
dt_wsj99x16y,0.5578,22.802618,120.3022828,ix_wsj99x14,NE,ix_wsj99x14,1
dt_wsqnnb8b8,0.5575,24.963811,121.2351947,ix_wsqnnb8c,SW,ix_wsqnnb8c,2
dt_wsqqex2uj,0.5574,25.0893604,121.4441534,ix_wsqqex3h,SW,ix_wsqqex3h,1
dt_wsjn16tdj,0.5574,23.5687698,119.5939896,ix_wsjn16td,SE,ix_wsjn16td,2
dt_wsj8d4mk0,0.5574,22.6009712,120.3294828,ix_wsj8d4mk,NW,ix_wsj8d4mk,1
dt_wsj7p887u,0.5572,23.0307618,120.2129401,ix_wsj7p887,NW,ix_wsj7p887,1
dt_wsj95k3ry,0.5572,22.7004894,120.3791797,ix_wsj95k98,SW,ix_wsj95k98,1
dt_wsjd4srdk,0.5571,22.875308,120.3547338,ix_wsjd4srf,NW,ix_wsjd4srf,2
dt_wsq02dpym,0.5569,23.9622913,120.970332,ix_wsq02dpz,SE,ix_wsq02dpz,1
dt_wsqqm5v9h,0.5569,25.0256757,121.516529,ix_wsqqm5v9,SE,ix_wsqqm5v9,1
dt_wsjdbkb8v,0.5567,23.0096526,120.2463044,ix_wsjdbkbb,NW,ix_wsjdbkbb,1
dt_wsjs9d7bk,0.5564,23.3034298,120.3056226,ix_wsjs9d7b,NE,ix_wsjs9d7b,1
dt_wsjs93gt3,0.5564,23.3015635,120.2941561,ix_wsjs93ge,NW,ix_wsjs93ge,2
dt_wsqqs6rbs,0.5563,25.0613023,121.4866651,ix_wsqqsd21,SW,ix_wsqqsd21,1
dt_wsj8f15uf,0.5562,22.6381668,120.3275379,ix_wsj8f15u,NW,ix_wsj8f15u,1
dt_wsqqm6umf,0.5562,25.0210169,121.525719,ix_wsqqm6um,NW,ix_wsqqm6um,1
dt_wsqqm73ve,0.5561,25.0236924,121.5223079,ix_wsqqm764,NW,ix_wsqqm764,1
dt_wsqqkfu8n,0.5561,25.0200228,121.504274,ix_wsqqkfsx,NW,ix_wsqqkfsx,1
dt_wsqnj6tbz,0.5559,24.9748077,121.1764484,ix_wsqnj6qp,NW,ix_wsqnj6qp,2
dt_wsje10f50,0.5558,23.0319941,120.2811061,ix_wsje10cf,NE,ix_wsje10cf,1
dt_wsqqjtxn0,0.5558,24.9921839,121.5403962,ix_wsqqjtxj,NW,ix_wsqqjtxj,1
dt_wsj6xy5nb,0.5557,22.973571,120.2275211,ix_wsj6xy6c,SE,ix_wsj6xy6c,2
dt_wsqnngmcc,0.5557,24.9791073,121.2421017,ix_wsqnngmf,SE,ix_wsqnngmf,1
dt_wsjdjv6xs,0.5555,22.8816936,120.4907058,ix_wsjdjvd8,SE,ix_wsjdjvd8,1
dt_wsmc42fzf,0.5555,24.0875216,120.6887002,ix_wsmc42fz,NW,ix_wsmc42fz,1
dt_wsmf88wub,0.5553,24.3492853,120.6172168,ix_wsmf88ws,NE,ix_wsmf88ws,1
dt_wsjtss1fj,0.5549,23.4891188,120.4347698,ix_wsjtss41,NW,ix_wsjtss41,2
dt_wsqqt1ndx,0.5548,25.0547675,121.5180255,ix_wsqqt1nf,SW,ix_wsqqt1nf,1
dt_wsj8cyytj,0.5547,22.6697836,120.320445,ix_wsj8cznb,SW,ix_wsj8cznb,1
dt_wsj8dw110,0.5547,22.6210548,120.3456283,ix_wsj8dw14,SW,ix_wsj8dw14,1
dt_wsqqm7e94,0.5545,25.0243147,121.5246877,ix_wsqqm7e8,NE,ix_wsqqm7e2,2
dt_wsqs70srn,0.5545,24.6572905,121.7785927,ix_wsqs70sq,NE,ix_wsqs70sq,1
dt_wsqqkph23,0.5545,25.0434114,121.4707374,ix_wsqqkph8,NW,ix_wsqqkph8,1
dt_wsqmbr2kk,0.5543,24.9575685,121.3005916,ix_wsqmbr2k,SE,ix_wsqmbr2k,1
dt_wsm9y6up1,0.554,24.2302131,120.5146027,ix_wsm9y6gy,NE,ix_wsm9y6gy,1
dt_wsqqt3xsg,0.5538,25.0578996,121.5302443,ix_wsqqt3xt,SE,ix_wsqqt3xt,1
dt_wsqq7k60x,0.5536,25.0283193,121.4349705,ix_wsqq7k60,SE,ix_wsqq7k60,1
dt_wsqnq60pu,0.5535,25.0172381,121.2123369,ix_wsqnq60p,NW,ix_wsqnq60p,2
dt_wsmc8wrdr,0.5534,24.2046734,120.6185515,ix_wsmc8wre,SE,ix_wsmc8wre,1
dt_wsj6yvgt6,0.5534,23.0159007,120.1843504,ix_wsj6yvgd,NW,ix_wsj6yvgd,1
dt_wsj6wzszf,0.5531,22.9820195,120.1860721,ix_wsj6wzub,SE,ix_wsj6wzub,1
dt_wsj8my3mn,0.5529,22.5791563,120.4890588,ix_wsj8my3m,SE,ix_wsj8my3m,1
dt_wsqq201ym,0.5529,25.0059624,121.2917088,ix_wsqq201e,NE,ix_wsqq201e,1
dt_wsjd9j5pc,0.5529,22.9682559,120.282513,ix_wsjd9j5q,NW,ix_wsjd9j5q,1
dt_wevxx0t3s,0.5525,22.4151341,120.5493756,ix_wevxx0t2,NE,ix_wevxx0t2,1
dt_wsj8t0j1j,0.5524,22.5880649,120.4612181,ix_wsj8mpvp,NW,ix_wsj8mpvp,1
dt_wsqjyrpbg,0.5521,24.9555916,121.2229697,ix_wsqjyrpb,SE,ix_wsqjyrpb,1
dt_wsqqujks2,0.5519,25.1223844,121.4710311,ix_wsqqujkz,SW,ix_wsqqujkz,1
dt_wsqjs6zm9,0.5519,24.8891321,121.1342754,ix_wsqjs6zj,NE,ix_wsqjs6zj,1
dt_wsqh22qjm,0.5511,24.6556325,120.9569629,ix_wsqh22qj,SW,ix_wsqh22qj,1
dt_wsj91899p,0.5509,22.6787414,120.3026817,ix_wsj91898,NE,ix_wsj91898,1
dt_wsj89p755,0.5509,22.6282676,120.2825922,ix_wsj89p6b,NE,ix_wsj89p6b,1
dt_wsj7jfdzt,0.5509,23.0423652,120.1394976,ix_wsj7jfdy,NE,ix_wsj7jfdy,1
dt_wsmc3ffbs,0.5509,24.1411937,120.666827,ix_wsmc3ffb,NE,ix_wsmc3ffb,1
dt_wsj6y1gff,0.5507,22.9935097,120.1517291,ix_wsj6y1u4,NW,ix_wsj6y1u4,1
dt_wsjtupqme,0.5505,23.551526,120.4188887,ix_wsjtupqq,SE,ix_wsjtupqq,1
dt_wsmf8bvd6,0.5505,24.3502379,120.626562,ix_wsmf8bvm,SE,ix_wsmf8bvm,1
dt_wsqj0tg3s,0.5504,24.8170301,120.9641487,ix_wsqj0tg7,SW,ix_wsqj0tg7,1
dt_wsqqmx71c,0.5502,25.0450304,121.5349425,ix_wsqqmx6c,NE,ix_wsqqmx6c,1
dt_wsqnx93jw,0.55,25.0566538,121.2687321,ix_wsqnx93h,NW,ix_wsqnx93h,1
dt_wsqqjsfk8,0.5497,24.9878368,121.5338686,ix_wsqqjsfm,SW,ix_wsqqjsfm,1
dt_wsmc1u70j,0.5497,24.1053812,120.6672154,ix_wsmc1u5p,NE,ix_wsmc1u5p,1
dt_wsm9zdjt8,0.5494,24.2258092,120.5715277,ix_wsm9zdjk,NE,ix_wsm9zdjk,1
dt_wsnrs0pjj,0.5494,23.8192199,121.4746914,ix_wsnrs0pj,SE,ix_wsnrs0pj,1
dt_wsqhvqmcb,0.5494,24.7758818,121.1761427,ix_wsqhvqmc,NW,ix_wsqhvqmc,1
dt_wsmc3rt7h,0.5493,24.1677124,120.6482766,ix_wsmc3rt7,SE,ix_wsmc3rt7,1
dt_wsj6r9gqu,0.5492,22.9062845,120.217055,ix_wsj6rd56,SW,ix_wsj6rd56,1
dt_wsm8md1br,0.5492,23.961262,120.4787926,ix_wsm8md1b,NE,ix_wsm8md1b,1
dt_wsm8r5xgz,0.5491,23.9700732,120.5529359,ix_wsm8r5xu,SE,ix_wsm8r5xu,2
dt_wsj8fjfhx,0.549,22.6642113,120.3253207,ix_wsj8fjfh,NE,ix_wsj8fjfh,1
dt_wsqj24x3x,0.5488,24.8431022,120.9477914,ix_wsqj24x6,SE,ix_wsqj24x6,1
dt_wsqqjucr7,0.5487,24.9882898,121.5435952,ix_wsqqjv18,SW,ix_wsqqjv18,1
dt_wsj8c7beb,0.5485,22.6531076,120.2900213,ix_wsj8c7b7,NE,ix_wsj8c7b7,1
dt_wsqnxd568,0.5485,25.0602862,121.2715631,ix_wsqnxd57,SW,ix_wsqnxd57,1
dt_wsjs9tnjj,0.5484,23.3193513,120.308766,ix_wsjs9tnj,SE,ix_wsjs9tnj,1
dt_wsjeczhmu,0.5484,23.1986597,120.3173261,ix_wsjeczhj,NE,ix_wsjeczhj,1
dt_wsj8db4dq,0.5483,22.5883126,120.3589175,ix_wsj8db4d,SE,ix_wsj8db4d,1
dt_wsmc1guum,0.5481,24.103381,120.6695963,ix_wsmc1guv,SW,ix_wsmc1guv,2
dt_wsqqmqzgt,0.5481,25.0425901,121.5306364,ix_wsqqmqzv,SW,ix_wsqqmqzv,1
dt_wsmg1snxc,0.548,24.4569001,120.6608393,ix_wsmg1sqc,SW,ix_wsmg1sqc,1
dt_wsj8cqx7d,0.548,22.6681425,120.2993853,ix_wsj8cqx7,NW,ix_wsj8cqx7,1
dt_wsq2qydeg,0.548,23.9865527,121.5892867,ix_wsq2qyds,SE,ix_wsq2qyds,1
dt_wsjs1du2p,0.5479,23.2182534,120.3064636,ix_wsjs1du2,SE,ix_wsjs1du2,1
dt_wsq90pk7r,0.5473,24.1224192,121.6467834,ix_wsq90pk3,NE,ix_wsq90pk3,1
dt_wsmc464p9,0.5472,24.0943083,120.6876081,ix_wsmc4662,SW,ix_wsmc4662,1
dt_wsj6yezw4,0.5471,23.0050534,120.1788639,ix_wsj6yezw,SE,ix_wsj6yezw,1
dt_wsqqkh079,0.547,25.0274835,121.4652344,ix_wsqqkh0t,SW,ix_wsqqkh0t,1
dt_wsqr4e5nk,0.547,25.1542899,121.4032317,ix_wsqr4e5n,SE,ix_wsqr4e5n,1
dt_wsqqx3vhv,0.547,25.0592704,121.6147511,ix_wsqqx3ug,NE,ix_wsqqx3ug,1
dt_wsjd2hc6g,0.5469,22.9220776,120.2362592,ix_wsjd2hc7,SW,ix_wsjd2hc7,1
dt_wsqs7tpsd,0.5469,24.6815614,121.8048214,ix_wsqs7tpe,NW,ix_wsqs7tpe,1
dt_wsj8czt52,0.5469,22.6736335,120.3181772,ix_wsj8czsg,SE,ix_wsj8czsg,1
dt_wsmc0vjp3,0.5466,24.1107694,120.6258335,ix_wsmc0vhv,NE,ix_wsmc0vhv,1
dt_wsjdbe46c,0.5464,23.0003566,120.2594904,ix_wsjdbe44,NE,ix_wsjdbe44,2
dt_wsj86edne,0.5463,22.5643122,120.3471545,ix_wsj86ecc,SE,ix_wsj86ecc,1
dt_wsmcd343r,0.5463,24.1756576,120.6882469,ix_wsmcd343,NE,ix_wsmcd343,1
dt_wsqjyr42z,0.5463,24.9556009,121.2155772,ix_wsqjyr49,SW,ix_wsqjyr49,1
dt_wsmux6zry,0.5463,24.7137108,120.9147695,ix_wsmux7p2,SE,ix_wsmux7p2,1
dt_wsj9qcqz6,0.5462,22.7278725,120.5403788,ix_wsj9qcqz,NW,ix_wsj9qcqz,2
dt_wsmcd4fme,0.5462,24.1860056,120.6770749,ix_wsmcd4fk,NE,ix_wsmcd4fk,1
dt_wsqj4hb6u,0.5462,24.8117211,121.0259408,ix_wsqj4hb7,SW,ix_wsqj4hb7,1
dt_wsjdwsnbx,0.5454,22.9615185,120.52963,ix_wsjdwezp,NW,ix_wsjdwezp,2
dt_wsj8f8b12,0.5453,22.636193,120.3442565,ix_wsj8f2zc,SE,ix_wsj8f2zc,1
dt_wsqnkx0fu,0.5453,25.0438086,121.1364797,ix_wsqnkx11,NW,ix_wsqnkx11,1
dt_wsqnncrd0,0.5452,24.9681851,121.2444444,ix_wsqnncr6,SE,ix_wsqnncr6,1
dt_wsqq2p6z2,0.545,25.0459758,121.2928723,ix_wsqq2p6z,NW,ix_wsqq2p6z,1
dt_wsqq0hduz,0.5447,24.9864907,121.2931772,ix_wsqq0hdv,SE,ix_wsqq0hdv,1
dt_wsj6pc7p5,0.5446,22.8596712,120.2276669,ix_wsj6pc7p,NW,ix_wsj6pc7p,1
dt_wsmcds2w3,0.5442,24.1943492,120.6965573,ix_wsmcds2w,NW,ix_wsmcds2w,1
dt_wsq029y5q,0.5442,23.9603832,120.9680099,ix_wsq029y5,SE,ix_wsq029y5,1
dt_wsmc1fdvb,0.544,24.0967577,120.6666238,ix_wsmc1fej,NW,ix_wsmc1fej,2
dt_wsj964e9v,0.544,22.7337655,120.3272909,ix_wsj964ed,SW,ix_wsj964ed,2
dt_wsqqvm689,0.544,25.1217013,121.5232676,ix_wsqqvm6f,SW,ix_wsqqvm6f,1
dt_wsje0fyes,0.5439,23.0430767,120.2764671,ix_wsje0fye,NW,ix_wsje0fye,1
dt_wsj8cqx7f,0.5438,22.6681978,120.2993488,ix_wsj8cqx7,NW,ix_wsj8cqx7,1
dt_wsqhg1pv0,0.5438,24.7475953,121.0799826,ix_wsqhg304,NW,ix_wsqhg304,2
dt_wsqq6g5xr,0.5435,25.0226192,121.4150461,ix_wsqq6g5r,NE,ix_wsqq6g5r,1
dt_wsqqw25bb,0.543,25.0489848,121.568892,ix_wsqqw258,NE,ix_wsqqw2h4,2
dt_wsqq077zk,0.5429,24.9800567,121.3054057,ix_wsqq077z,SE,ix_wsqq077z,1
dt_wsq027ku3,0.5428,23.968818,120.9550787,ix_wsq027mp,SW,ix_wsq027mp,1
dt_wsqjernm1,0.5427,24.9123685,121.0889718,ix_wsqjernm,SW,ix_wsqjernm,1
dt_wsqqs3g9u,0.5427,25.0587811,121.4808155,ix_wsqqs3gd,SW,ix_wsqqs3gd,2
dt_wevxuxwc3,0.5427,22.4974924,120.4414486,ix_wevxuxwb,NE,ix_wevxuxwb,1
dt_wsj91grjf,0.5427,22.6946266,120.3209804,ix_wsj91gx2,SW,ix_wsj91gx2,1
dt_wsmc1z38g,0.5426,24.1220158,120.6650623,ix_wsmc1z3k,SE,ix_wsmc1z3k,1
dt_wsqmuytnd,0.5423,24.9538534,121.5047594,ix_wsqmuyv0,SW,ix_wsqmuyv0,1
dt_wsjxzcut2,0.5423,23.8728213,120.5811599,ix_wsjxzcut,SW,ix_wsjxzcut,1
dt_wsj93su90,0.5422,22.7460001,120.3065032,ix_wsj93ssy,NW,ix_wsj93ssy,1
dt_wsjtmnf48,0.5415,23.4603627,120.4568646,ix_wsjtmnfk,SW,ix_wsjtmnfk,1
dt_wsqqjwrsj,0.5414,24.995964,121.5412902,ix_wsqqjwrs,NE,ix_wsqqjwrs,2
dt_wsm8sx782,0.5413,24.0340415,120.4369694,ix_wsm8sx78,NW,ix_wsm8sx78,1
dt_wsmur7y8p,0.5412,24.6739455,120.9137704,ix_wsmur7y9,SE,ix_wsmur7y9,1
dt_wsjd0kufq,0.5412,22.8780819,120.2521519,ix_wsjd0kuf,NE,ix_wsjd0kuf,1
dt_wsj91b06g,0.5411,22.676265,120.3117694,ix_wsj91b07,SE,ix_wsj91b07,1
dt_wsqjykhuq,0.5411,24.9396967,121.2189766,ix_wsqjykhy,SE,ix_wsqjykhy,1
dt_wsj8c5fqb,0.5411,22.6536286,120.2814223,ix_wsj8c5fx,SW,ix_wsj8c5fx,1
dt_wsj6zfvhj,0.541,22.9992154,120.2305096,ix_wsj6zfv7,NW,ix_wsj6zfv7,1
dt_wsj86pzhr,0.5409,22.5872489,120.3322188,ix_wsj86pyy,SE,ix_wsj86pyy,1
dt_wsj6zk5mp,0.5408,23.006268,120.2061894,ix_wsj6zk5k,NE,ix_wsj6zk5k,1
dt_wsj96hkhw,0.5407,22.7438854,120.3280496,ix_wsj96h7c,NE,ix_wsj96h7c,1
dt_wsqq3x2yb,0.5406,25.0458859,121.3560426,ix_wsqq3x2x,SE,ix_wsqq3x2x,1
dt_wsj919w3w,0.5406,22.6843178,120.3091426,ix_wsj919qp,NE,ix_wsj919qp,1
dt_wsj6z3s7r,0.5402,22.9922114,120.2075678,ix_wsj6z3sd,NW,ix_wsj6z3sd,1
dt_wsj8fvq7f,0.54,22.6613365,120.3639216,ix_wsj8fvq5,NE,ix_wsj8fvq5,1
dt_wsmc6r1m5,0.5399,24.1653082,120.6866988,ix_wsmc6r1k,NW,ix_wsmc6r1k,1
dt_wsqn747g4,0.5399,25.0177687,121.0746102,ix_wsqn747u,SW,ix_wsqn747u,1
dt_wsqq0jw0w,0.5399,24.9912413,121.2975848,ix_wsqq0jw1,SE,ix_wsqq0jw1,1
dt_wsqq5y4rs,0.5398,24.995204,121.4571434,ix_wsqq5y4r,NE,ix_wsqq5y4r,1
dt_wsj8cfc26,0.5397,22.6470057,120.3131129,ix_wsj8cfc2,SW,ix_wsj8cfc2,1
dt_wsmcd840c,0.5397,24.1700524,120.69861,ix_wsmcd844,SW,ix_wsmcd844,1
dt_wsj83ymug,0.5396,22.5791023,120.3193368,ix_wsj83yms,NE,ix_wsj83yms,1
dt_wsj8derxd,0.5396,22.6070346,120.3546421,ix_wsj8derw,NW,ix_wsj8derw,1
dt_wsqqvch3d,0.5396,25.0985381,121.5476872,ix_wsqqvch3,SE,ix_wsqqvch3,1
dt_wsmb64teg,0.5392,23.9645877,120.6815353,ix_wsmb64tc,NW,ix_wsmb64tc,1
dt_wsmvpz8sw,0.5392,24.8271512,120.9274681,ix_wsmvpz8u,SW,ix_wsmvpz8u,1
dt_wsqsf3hrt,0.5391,24.7480257,121.7455868,ix_wsqsf3hr,NE,ix_wsqsf3hr,1
dt_wsm8mwcxy,0.5389,23.9886211,120.4784019,ix_wsm8mx1b,SW,ix_wsm8mx1b,3
dt_wsm8j3s0e,0.5386,23.9146113,120.4707452,ix_wsm8j3s0,NW,ix_wsm8j3s0,1
dt_wsjxzw5rj,0.5386,23.8964897,120.5686607,ix_wsjxzw5q,NE,ix_wsjxzw5q,1
dt_wsqj0fg1b,0.5386,24.8005777,120.9745808,ix_wsqj0fg7,SW,ix_wsqj0fg7,1
dt_wsqqmnwzy,0.5384,25.0419353,121.5183386,ix_wsqqmnxp,NW,ix_wsqqmnxp,1
dt_wsqqssqev,0.5382,25.072838,121.4959701,ix_wsqqssqc,NW,ix_wsqqssqc,1
dt_wsjn1y6md,0.538,23.5899788,119.6113679,ix_wsjn1y6s,NW,ix_wsjn1y6s,2
dt_wsmdppnnh,0.538,24.2973334,120.5504304,ix_wsmdppnn,SW,ix_wsmdppnn,1
dt_wsqqex2fn,0.5379,25.0890277,121.4441916,ix_wsqqex3h,SW,ix_wsqqex3h,1
dt_wsqqkvvn8,0.5379,25.0376176,121.5046827,ix_wsqqkvvr,SW,ix_wsqqkvvr,1
dt_wsj86cv77,0.5377,22.5541437,120.362571,ix_wsj86cvk,SE,ix_wsj86cvk,2
dt_wsj8f4yu2,0.5376,22.6476773,120.3315768,ix_wsj8f4zn,SW,ix_wsj8f4zn,1
dt_wsmc6unsq,0.5373,24.1487033,120.7159845,ix_wsmc6unu,SW,ix_wsmc6unu,1
dt_wsj8mwq1g,0.5373,22.5785974,120.4844774,ix_wsj8mwqh,SW,ix_wsj8mwqh,1
dt_wsj8s6fq3,0.5372,22.6040983,120.4243155,ix_wsj8s6fn,NE,ix_wsj8s6fn,1
dt_wsqnrnby5,0.5372,25.0430162,121.2463077,ix_wsqnrnby,SE,ix_wsqnrnby,1
dt_wsm8u1xtg,0.5371,24.0473207,120.4205931,ix_wsm8u1xr,SE,ix_wsm8u1xr,1
dt_wsqsdxpzm,0.537,24.7370013,121.7613555,ix_wsqsdz20,SW,ix_wsqsdz20,1
dt_wsm8rsntn,0.5369,23.97306,120.5731877,ix_wsm8rsn9,NE,ix_wsm8rsn9,1
dt_wsjn1yete,0.5367,23.5913771,119.6130901,ix_wsjn1yek,NE,ix_wsjn1yek,1
dt_wsjtsfr11,0.5366,23.4793511,120.4527883,ix_wsjtsfrk,SW,ix_wsjtsfrk,1
dt_wevxv1mvr,0.5366,22.4638608,120.4623302,ix_wevxv1qj,SW,ix_wevxv1qj,1
dt_wsm8pmezb,0.5364,23.9378189,120.5581357,ix_wsm8pmet,NE,ix_wsm8pmet,1
dt_wsjtt283g,0.5364,23.4698529,120.4655955,ix_wsjtt280,NE,ix_wsjtt280,1
dt_wsqnnr8kv,0.5364,25.0029777,121.2127537,ix_wsqnnr8m,SE,ix_wsqnnr8m,1
dt_wsqqv79wh,0.5364,25.1130451,121.5220102,ix_wsqqv79w,SW,ix_wsqqv79w,1
dt_wsqqkjnu5,0.5363,25.0330431,121.4742838,ix_wsqqkjpn,SW,ix_wsqqkjpn,1
dt_wsqqt5wfk,0.5361,25.0684827,121.5182384,ix_wsqqt5wg,SE,ix_wsqqt5wg,2
dt_wsj8d9k2r,0.5356,22.5948172,120.3504011,ix_wsj8d9k0,NE,ix_wsj8d9k0,1
dt_wsjtff299,0.5356,23.5233658,120.3559642,ix_wsjtff23,NE,ix_wsjtff23,1
dt_wsqqmvrzy,0.5356,25.0350891,121.5526492,ix_wsqqmvxc,SE,ix_wsqqmvxc,1
dt_wsjdb1uh0,0.5355,22.9937404,120.2398759,ix_wsjdb1gu,NE,ix_wsjdb1gu,2
dt_wsj8dp57n,0.5354,22.6268664,120.3270031,ix_wsj8dp57,SE,ix_wsj8dp57,1
dt_wsmce3w1t,0.5353,24.1784343,120.737234,ix_wsmce3w1,SW,ix_wsmce3w1,1
dt_wsj8c4nyz,0.5353,22.6439981,120.2879005,ix_wsj8c4r0,SW,ix_wsj8c4r0,1
dt_wsj6z9j6n,0.5352,22.9892489,120.2198733,ix_wsj6z9j6,SE,ix_wsj6z9j6,1
dt_wsqnx6xbp,0.5352,25.0625752,121.2670561,ix_wsqnx6rz,NE,ix_wsqnx6rz,1
dt_wsjdb6gc7,0.535,22.9987247,120.2506601,ix_wsjdb6gb,NE,ix_wsjdb6gb,1
dt_wsj6zvcs3,0.5349,23.0157355,120.2255322,ix_wsj6zvcv,SW,ix_wsj6zvcv,1
dt_wsmcdehuj,0.5348,24.1871242,120.7025772,ix_wsmcdehu,NE,ix_wsmcdehu,1
dt_wsmc4pz2b,0.5348,24.1247458,120.6838196,ix_wsmc4pz1,SE,ix_wsmc4pz1,1
dt_wsqq00w7z,0.5346,24.964353,121.2979669,ix_wsqq00wh,SE,ix_wsqq00wh,1
dt_wsqqj0tcd,0.5342,24.9639548,121.5167968,ix_wsqqj0tc,NW,ix_wsqqj0tc,1
dt_wsqqqpxwd,0.5342,25.0472125,121.5631379,ix_wsqqqpz8,SE,ix_wsqqqpz8,1
dt_wsjsgfx3n,0.534,23.3488726,120.4093961,ix_wsjsgfx6,SE,ix_wsjsgfx6,1
dt_wsj94x9e0,0.5339,22.7175085,120.3463056,ix_wsj94x9s,SW,ix_wsj94x9s,1
dt_wsjs9dhgh,0.5338,23.3025359,120.3070029,ix_wsjs9djj,SW,ix_wsjs9djj,1
dt_wsjz6b171,0.5338,23.7749589,120.7085629,ix_wsjz6b1e,SW,ix_wsjz6b1e,1
dt_wsmcvwfjb,0.5337,24.251953,120.8304027,ix_wsmcvwcu,NE,ix_wsmcvwcu,1
dt_wsj86sevs,0.5336,22.5696312,120.3495839,ix_wsj86seu,NE,ix_wsj86seu,1
dt_wsqshkee2,0.5336,24.6346721,121.8322292,ix_wsqshke6,NE,ix_wsqshke6,1
dt_wsnr5eyzv,0.5333,23.7524059,121.4523857,ix_wsnr5snb,SE,ix_wsnr5snb,1
dt_wsj8dc4zd,0.5333,22.594674,120.3591195,ix_wsj8dc4z,SW,ix_wsj8dc4z,1
dt_wsmuxr36u,0.5332,24.7376001,120.9064619,ix_wsmuxr36,NE,ix_wsmuxr36,2
dt_wsqjy32nz,0.5331,24.92505,121.2124816,ix_wsqjy32n,NE,ix_wsqjy32n,1
dt_wsmf55rvh,0.5331,24.2765307,120.7285959,ix_wsmf55rg,NE,ix_wsmf55rg,1
dt_wsqqx282f,0.5331,25.051704,121.6081076,ix_wsqqx288,SW,ix_wsqqx288,1
dt_wsm8yzqg7,0.5329,24.078485,120.5404089,ix_wsm8yzqu,SE,ix_wsm8yzqu,1
dt_wsqqtbek5,0.5327,25.0522913,121.5463454,ix_wsqqtbe9,NW,ix_wsqqtbe9,1
dt_wsmc9t6we,0.5326,24.1999041,120.6554189,ix_wsmc9t6t,NW,ix_wsmc9t6t,1
dt_wsj8cydyu,0.5324,22.6687159,120.3152352,ix_wsj8cydw,NE,ix_wsj8cydw,1
dt_wsqq5j0d5,0.5316,24.9887484,121.4217303,ix_wsqq5j09,NW,ix_wsqq5j0u,2
dt_wsjs8whdv,0.5316,23.3244698,120.2627461,ix_wsjs8whc,NW,ix_wsjs8whc,1
dt_wsjn0gmfj,0.5316,23.5729236,119.5723376,ix_wsjn0gmu,SE,ix_wsjn0gmu,1
dt_wsj7r1ew3,0.5315,23.08064,120.195311,ix_wsj7r1et,NW,ix_wsj7r1et,1
dt_wsj8fjeed,0.5313,22.6626598,120.3271829,ix_wsj8fjev,SW,ix_wsj8fjev,1
dt_wsmc004v9,0.5313,24.0829969,120.5897852,ix_wsmc004u,NW,ix_wsmc004u,1
dt_wsj6z9wf2,0.5312,22.9920581,120.2216897,ix_wsj6z9wd,NE,ix_wsj6z9wd,1
dt_wsj8dw5ku,0.531,22.6216958,120.348904,ix_wsj8dw5w,SW,ix_wsj8dw5w,1
dt_wsj6yc0hd,0.5307,22.9896905,120.1795483,ix_wsj6y9py,SE,ix_wsj6y9py,1
dt_wsmc1w39p,0.5306,24.1165545,120.6542511,ix_wsmc1w36,SE,ix_wsmc1w36,1
dt_wsqsh3sc9,0.5306,24.617896,121.8339588,ix_wsqsh3t5,SW,ix_wsqsh3t5,1
dt_wsqnpzw33,0.5304,25.0023923,121.2867232,ix_wsqnpzw2,NW,ix_wsqnpzw2,1
dt_wsqqqwnfb,0.5304,25.0383208,121.5840142,ix_wsqqqwnf,NW,ix_wsqqqwnf,1
dt_wsm9p2d64,0.5304,24.085156,120.5561926,ix_wsm9p2d6,SE,ix_wsm9p2d6,1
dt_wsmc6961m-2,0.5303,24.133072,120.6987986,ix_wsmc6960,NW,ix_wsmc6960,1
dt_wsmc1xwp7,0.5302,24.1244788,120.6602453,ix_wsmc1xvb,SE,ix_wsmc1xvb,1
dt_wsj6z17sg,0.5302,22.9911027,120.1953759,ix_wsj6z17s,NW,ix_wsj6z17s,1
dt_wsqj3871d,0.53,24.8307574,121.0076423,ix_wsqj3871,NE,ix_wsqj3871,1
dt_wsqnqgr5f,0.5299,25.0234031,121.2438621,ix_wsqnqgrh,SE,ix_wsqnqgrh,1
dt_wsqqshf6c,0.5296,25.0754009,121.4679827,ix_wsqqshf6,NW,ix_wsqqshf6,1
dt_wsmbdw311,0.5296,24.0286459,120.6972215,ix_wsmbdw2g,SE,ix_wsmbdw2g,1
dt_wsj9nf9wk,0.5295,22.6905893,120.5332538,ix_wsj9nf9w,NW,ix_wsj9nf9w,1
dt_wsqq0qs8u,0.5294,24.9968018,121.3064126,ix_wsqq0qs9,SE,ix_wsqq0qs9,1
dt_wsj7pcmq8,0.529,23.0353343,120.2306279,ix_wsj7pcmn,SE,ix_wsj7pcmn,1
dt_wsqjdmrut,0.529,24.9026953,121.0472412,ix_wsqjdmrv,SE,ix_wsqjdmrv,1
dt_wsqqjuyun,0.529,24.9877327,121.5512926,ix_wsqqjuyg,NW,ix_wsqqjuyg,1
dt_wsqqs7kw5,0.5288,25.0677376,121.4821751,ix_wsqqs7kw,SE,ix_wsqqs7kw,1
dt_wsqjup90d,0.5286,24.9583165,121.1147514,ix_wsqjup96,SW,ix_wsqjup96,1
dt_wsqqmgnnh,0.5285,25.0224299,121.5501734,ix_wsqqmgnj,NW,ix_wsqqmgnj,1
dt_wsjtseu6d,0.5284,23.4878492,120.4380523,ix_wsjtseu3,NE,ix_wsjtseu3,1
dt_wsm8v3y50,0.5284,24.0482285,120.4733651,ix_wsm8v3vv,SE,ix_wsm8v3vv,1
dt_wsj87d8pk,0.5281,22.5589424,120.3883654,ix_wsj87d8n,NW,ix_wsj87d8n,1
dt_wsj7p1nnj,0.5281,23.0338942,120.1989095,ix_wsj7p1jy,SE,ix_wsj7p1jy,1
dt_wsqqt6w8x,0.5279,25.0626698,121.5290442,ix_wsqqt6w8,NE,ix_wsqqt6w8,1
dt_wsje1n6eh,0.5278,23.0622038,120.2819642,ix_wsje1n6e,SE,ix_wsje1n6e,1
dt_wsjmrzm1y,0.5278,23.4629872,120.2305282,ix_wsjmrzku,SE,ix_wsjmrzku,1
dt_wsmc9rr17,0.5278,24.2099686,120.6506288,ix_wsmc9rr3,NW,ix_wsmc9rr3,1
dt_wsmc39gvk,0.5277,24.1365308,120.6571938,ix_wsmc39gv,SW,ix_wsmc39gv,1
dt_wsj8s3kx4,0.5277,22.5959815,120.4274448,ix_wsj8s3s8,SW,ix_wsj8s3s8,1
dt_wsj8f0g3q,0.5275,22.6361873,120.327018,ix_wsj8f0g3,NE,ix_wsj8f0g3,1
dt_wsj93950q,0.5275,22.7253052,120.3046946,ix_wsj93951,SE,ix_wsj93951,1
dt_wsj943xb8,0.5275,22.6841116,120.3439253,ix_wsj94981,SW,ix_wsj94981,1
dt_wsjwyv0br,0.5273,23.7140741,120.5323507,ix_wsjwyv0c,SE,ix_wsjwyv0c,1
dt_wsqje6zse,0.5273,24.8889652,121.0907882,ix_wsqje6zt,SW,ix_wsqje6zt,1
dt_wsj8d8w5t,0.5272,22.5912607,120.3526964,ix_wsj8d8w1,NW,ix_wsj8d8w1,1
dt_wsmuxd4ut,0.5272,24.7090389,120.9195379,ix_wsmuxd4u,SE,ix_wsmuxd4u,1
dt_wsqqx35mw,0.5272,25.0552659,121.6124294,ix_wsqqx35m,SW,ix_wsqqx35m,1
dt_wsqqe9swu,0.5271,25.0582329,121.4492273,ix_wsqqe9u2,SE,ix_wsqqe9u2,1
dt_wsj8cv0wb,0.5271,22.6604944,120.3120072,ix_wsj8cv0q,NE,ix_wsj8cv0q,1
dt_wsnrv12e4,0.5271,23.8696975,121.5095641,ix_wsnrv127,SE,ix_wsnrv127,1
dt_wsqj4m24u,0.527,24.814507,121.036575,ix_wsqj4m24,NW,ix_wsqj4m24,1
dt_wsj7nwt9t,0.5268,23.063337,120.176253,ix_wsj7nwt9,NW,ix_wsj7nwt9,2
dt_wsj8xq6ef,0.5268,22.6228688,120.5565076,ix_wsj8xq6s,SW,ix_wsj8xq6s,1
dt_wsq2qryu3,0.5268,23.9935236,121.5730731,ix_wsq2qryu,SE,ix_wsq2qryu,1
dt_wsj8crzd3,0.5264,22.6748167,120.2996702,ix_wsj8crz2,NE,ix_wsj8crz2,1
dt_wsm9yttc2,0.5263,24.2443369,120.5279277,ix_wsm9ytt9,SE,ix_wsm9ytt9,1
dt_wsm8rfr78,0.5263,23.9631741,120.5849263,ix_wsm8rfr7,NW,ix_wsm8rfr7,2
dt_wsqnr0ets,0.5259,25.0085926,121.2501335,ix_wsqnr0et,NW,ix_wsqnr0et,1
dt_wsjd0jp96,0.5259,22.8792484,120.2447939,ix_wsjd0jpd,SE,ix_wsjd0jpd,1
dt_wsjd2fhx3,0.5256,22.9077702,120.2735616,ix_wsjd2fhq,NE,ix_wsjd2fhq,2
dt_wsjxys6cs,0.5256,23.8859178,120.5240035,ix_wsjxys71,NW,ix_wsjxys71,1
dt_wsmf2s2nz,0.5255,24.3262697,120.6082313,ix_wsmf2s2p,SE,ix_wsmf2s2p,1
dt_wsqqj0tg7,0.5255,24.9642692,121.5168331,ix_wsqqj0tc,NW,ix_wsqqj0tc,1
dt_wsqj3pkut,0.5253,24.8697134,120.9882027,ix_wsqj3pm4,NW,ix_wsqj3pm4,1
dt_wsj8d0fgu,0.5252,22.5926563,120.3262311,ix_wsj8d0fg,NE,ix_wsj8d0fg,1
dt_wsjdbgv0d,0.5252,23.0041069,120.2742968,ix_wsjdbgv1,SE,ix_wsjdbgv1,1
dt_wsmurnxtu,0.5252,24.6900277,120.9040383,ix_wsmurnxw,SW,ix_wsmurnxw,2
dt_wsqjsyhzd,0.5247,24.9073043,121.1528807,ix_wsqjsykf,SW,ix_wsqjsykf,1
dt_wsjd8pmh6,0.5243,22.980034,120.2413486,ix_wsjd8pm7,NW,ix_wsjd8pm7,1
dt_wsm8zpd6q,0.5242,24.079701,120.5453778,ix_wsm8zpd6,NE,ix_wsm8zpd6,1
dt_wsjdch1g7,0.5242,23.0059711,120.2808624,ix_wsjdch1s,SE,ix_wsjdch1s,1
dt_wsj94h7q4,0.524,22.700185,120.3268414,ix_wsj94h7s,NW,ix_wsj94h7s,1
dt_wsmcf2qev,0.5239,24.2158946,120.6939698,ix_wsmcf2qs,SE,ix_wsmcf2qs,1
dt_wsjwyfh9m,0.5238,23.6977304,120.5374084,ix_wsjwyfhk,SE,ix_wsjwyfhk,1
dt_wsqqky1gx,0.5237,25.0384797,121.5005458,ix_wsqqky45,NW,ix_wsqqky45,1
dt_wsqtk5ken,0.5237,24.8474924,121.8228546,ix_wsqtk5k9,NW,ix_wsqtk5k9,1
dt_wsmc6cqgu,0.5236,24.1334993,120.7162656,ix_wsmc6cqg,NE,ix_wsmc6cqg,1
dt_wsqqjtwfe,0.5236,24.991612,121.5401889,ix_wsqqjtwf,NW,ix_wsqqjtwf,1
dt_wsqj0ep3q,0.5235,24.8018732,120.969727,ix_wsqj0ep3,SE,ix_wsqj0ep3,1
dt_wsqqs2brm,0.5235,25.0542222,121.4764037,ix_wsqqs2br,NW,ix_wsqqs2br,1
dt_wsqnph1db,0.5235,24.9833951,121.2472107,ix_wsqnph16,NE,ix_wsqnph16,1
dt_wsqqmu33k,0.5232,25.0284532,121.5436622,ix_wsqqmu33,NE,ix_wsqqmu33,1
dt_wsmb4485v,0.5232,23.9206626,120.6740674,ix_wsmb4485,NE,ix_wsmb4485,1
dt_wsqqhtyww,0.5231,24.9936581,121.4960358,ix_wsqqhtyx,SW,ix_wsqqhtyx,1
dt_wsj8dy4xd,0.5228,22.6221616,120.3587578,ix_wsj8dy68,SW,ix_wsj8dy68,1
dt_wsj8qf7c8,0.5228,22.5565737,120.5361866,ix_wsj8qf7e,SE,ix_wsj8qf7e,1
dt_wsjxh1e6p,0.5227,23.7390549,120.4149602,ix_wsjxh1e3,NE,ix_wsjxh1e3,1
dt_wevxwk5r1,0.5226,22.4353237,120.5135578,ix_wevxwk79,SW,ix_wevxwk79,1
dt_wsmux6df5,0.5226,24.7113613,120.9084799,ix_wsmux6df,SE,ix_wsmux6df,1
dt_wsmf607wn,0.5225,24.3042031,120.6788996,ix_wsmf607t,NE,ix_wsmf607t,2
dt_wsmc64zxr,0.5225,24.1423438,120.6844297,ix_wsmc64zw,NE,ix_wsmc64zw,1
dt_wsqnz6339,0.5223,25.1054303,121.2578866,ix_wsqnz636,SW,ix_wsqnz636,1
dt_wsjw16dnj,0.5214,23.5694692,120.2922999,ix_wsjw16dn,SE,ix_wsjw16dn,1
dt_wsmc6dzbn,0.5212,24.1411217,120.7067388,ix_wsmc6fb5,SW,ix_wsmc6fb5,1
dt_wsmc0mrz8,0.521,24.1121935,120.6076081,ix_wsmc0mrt,NE,ix_wsmc0mrt,1
dt_wsmc1tg2f,0.5209,24.1137765,120.656434,ix_wsmc1tg3,SW,ix_wsmc1tg3,1
dt_wsj6r99zv,0.5208,22.9051002,120.2150298,ix_wsj6r9cf,SW,ix_wsj6r9cf,1
dt_wsqj1rnvs,0.5208,24.8245816,121.0018832,ix_wsqj1rnx,SE,ix_wsqj1rnx,1
dt_wsjd8qwwz,0.5207,22.9763352,120.2546076,ix_wsjd8qy2,SE,ix_wsjd8qy2,1
dt_wsqq5pq1v,0.5205,25.0010899,121.4293613,ix_wsqq5pq4,SE,ix_wsqq5pq4,1
dt_wsj6wvrur,0.5205,22.9690636,120.1904146,ix_wsj6wvru,SE,ix_wsj6wvru,1
dt_wsm9p4mdp,0.5203,24.0947551,120.5498559,ix_wsm9p4mk,SE,ix_wsm9p4mk,1
dt_wsj9zumty,0.5202,22.8319721,120.5827921,ix_wsj9zumu,NW,ix_wsj9zumu,1
dt_wsj940v3h,0.5201,22.6801136,120.3296551,ix_wsj940tw,NW,ix_wsj940tw,1
dt_wsjdb15uh,0.5201,22.9895879,120.2397147,ix_wsjdb15c,NE,ix_wsjdb15c,1
dt_wsqrjb7p6,0.5198,25.1393402,121.5459678,ix_wsqrjb7m,NW,ix_wsqrjb7m,1
dt_wsqqkvjrp,0.5198,25.0335911,121.5053446,ix_wsqqkvm1,SE,ix_wsqqkvm1,1
dt_wsj6wzucj,0.5197,22.9821969,120.1862113,ix_wsj6wzub,NE,ix_wsj6wzub,1
dt_wsjsdjhx6,0.5194,23.3197624,120.3285487,ix_wsjsdjhw,NE,ix_wsjsdjhw,1
dt_wsqqx7g4h,0.5188,25.0697998,121.6119827,ix_wsqqx7g4,SE,ix_wsqqx7g4,1
dt_wsj8z56fb,0.5188,22.6502024,120.5457803,ix_wsj8z56s,SE,ix_wsj8z56s,2
dt_wsj6xu9ex,0.5187,22.9647902,120.2257535,ix_wsj6xu9s,SE,ix_wsj6xu9s,1
dt_wsj89t1jt,0.5186,22.6163322,120.3019033,ix_wsj89t1n,SE,ix_wsj89t1n,1
dt_wsqqjqgm1,0.5186,24.9988919,121.5242963,ix_wsqqjqgx,SW,ix_wsqqjqgx,1
dt_wsj7pts7x,0.5186,23.0581638,120.2185514,ix_wsj7ptse,SW,ix_wsj7ptse,1
dt_wsqjyxfzt,0.5186,24.9608551,121.2271567,ix_wsqnn84d,SE,ix_wsqnn84d,1
dt_wsqqsnr9y,0.5185,25.0834854,121.4754103,ix_wsqqsnre,SE,ix_wsqqsnre,1
dt_wsj6zy3tx,0.5185,23.0187045,120.2257574,ix_wsj6zy3y,SW,ix_wsj6zy3y,1
dt_wsj890kd4,0.5183,22.5896165,120.2846095,ix_wsj890kd,SW,ix_wsj890kk,2
dt_wsj6z76hz,0.5181,23.0020669,120.2045049,ix_wsj6z76m,SW,ix_wsj6z76m,1
dt_wsj932wj4,0.5179,22.7233737,120.297675,ix_wsj932wk,NW,ix_wsj932wk,1
dt_wsqqtf2w4,0.5179,25.0622485,121.5425216,ix_wsqqtf2x,SW,ix_wsqqtf2x,1
dt_wsj6zzywr,0.5178,23.0270842,120.2326232,ix_wsj6zzyu,NW,ix_wsj6zzyu,1
dt_wsqqjrgk5,0.5178,25.0042348,121.5243936,ix_wsqqjrgh,NE,ix_wsqqjrgh,1
dt_wsqwfw2q4,0.5177,25.128152,121.7509213,ix_wsqwfw2m,NW,ix_wsqwfw2m,1
dt_wsqqe8vve,0.5177,25.0539018,121.4509287,ix_wsqqe8vz,SW,ix_wsqqe8vz,1
dt_wsm8swpe6,0.5177,24.0276879,120.4425524,ix_wsm8swps,SE,ix_wsm8swps,1
dt_wsmb4s3gp,0.5174,23.9301363,120.6985284,ix_wsmb4s3f,NE,ix_wsmb4s3f,1
dt_wsmc6udgd,0.5174,24.1513302,120.7106546,ix_wsmc6ue4,NW,ix_wsmc6ue4,1
dt_wsqq0n67r,0.5174,24.9958475,121.2924846,ix_wsqq0n6e,SW,ix_wsqq0n6e,1
dt_wsqmcrk57,0.5173,24.9574152,121.349626,ix_wsqmcrk1,NW,ix_wsqmcrk1,2
dt_wsjxy3v1c,0.5171,23.8722476,120.5159608,ix_wsjxy3sz,NE,ix_wsjxy3sz,1
dt_wsj6z466n,0.517,22.9961224,120.1938118,ix_wsj6z46d,SW,ix_wsj6z46d,1
dt_wsjybp0tb,0.517,23.7259969,120.5866306,ix_wsjybp0v,NW,ix_wsjybp0v,1
dt_wsk5j6nyf,0.5168,24.44574,118.3651087,ix_wsk5j6qb,SE,ix_wsk5j6qb,1
dt_wsqqjg62b,0.5167,24.9789268,121.544879,ix_wsqqjg63,SW,ix_wsqqjg63,1
dt_wsj6zxjmd,0.5164,23.0227948,120.2197092,ix_wsj6zxjn,SE,ix_wsj6zxjn,1
dt_wsqqmzb1p,0.5163,25.0476523,121.5420626,ix_wsqqmz8j,NE,ix_wsqqmz8j,1
dt_wsm8k8d2d,0.5162,23.9530513,120.4353069,ix_wsm8k8d3,SE,ix_wsm8k8d3,1
dt_wsqnw1yrb,0.5161,25.0598139,121.2097659,ix_wsqnw1yw,NW,ix_wsqnw1yw,1
dt_wsqqqxf69,0.5161,25.0478946,121.5778509,ix_wsqqqxf5,SE,ix_wsqqqxf5,1
dt_wsj85n8r7,0.5161,22.5369661,120.366725,ix_wsj85n8p,NE,ix_wsj85n8p,1
dt_wsj8chhd4,0.516,22.6541929,120.2846121,ix_wsj8chhd,NW,ix_wsj8chhd,1
dt_wsj8c4x2b,0.516,22.6457312,120.2882774,ix_wsj8c4x1,SE,ix_wsj8c4x1,1
dt_wsqnxm6pb,0.5157,25.0790206,121.2588581,ix_wsqnxmd0,SW,ix_wsqnxmd0,1
dt_wsqq0vg73,0.5156,24.993102,121.3265524,ix_wsqq0vg6,NW,ix_wsqq0vg6,1
dt_wsqmcs4kb,0.5155,24.939798,121.3581099,ix_wsqmcs47,NW,ix_wsqmcs47,1
dt_wsqqjq82t,0.5155,24.9967479,121.5203642,ix_wsqqjq2q,NE,ix_wsqqjq2q,1
dt_wsj91qeg3,0.5153,22.7120674,120.2945131,ix_wsj91qef,NW,ix_wsj91qef,1
dt_wsq2qsxr5,0.5152,23.9761202,121.5847995,ix_wsq2qsxq,NE,ix_wsq2qsxq,1
dt_wsqqmg0bb,0.5148,25.0215279,121.5428079,ix_wsqqmfcp,NW,ix_wsqqmfcp,1
dt_wsqq5uct7,0.5148,24.9879459,121.4560887,ix_wsqq5ucs,NE,ix_wsqq5ucs,1
dt_wsj8f8zhs,0.5147,22.6367448,120.3540321,ix_wsj8f8zj,SW,ix_wsj8f8zj,2
dt_wsj8dprtf,0.5146,22.6287141,120.3326679,ix_wsj8dprt,SE,ix_wsj8dprt,1
dt_wsqqq7gr7,0.5146,25.026738,121.5683444,ix_wsqqq7gq,NW,ix_wsqqq7gq,1
dt_wsj86zp9e,0.5146,22.5826802,120.365687,ix_wsj86zp9,NW,ix_wsj86zp9,1
dt_wsqq7mr84,0.5144,25.033761,121.4423006,ix_wsqq7mr3,SE,ix_wsqq7mr3,1
dt_wsj8d7m7r,0.5143,22.6063088,120.3407884,ix_wsj8d7m4,NE,ix_wsj8d7m4,1
dt_wsqqtqd87,0.5142,25.084593,121.5233429,ix_wsqqtq6t,NW,ix_wsqqtq6t,1
dt_wsj6zk7vp,0.5141,23.007627,120.2068862,ix_wsj6zk7v,NE,ix_wsj6zk7v,1
dt_wsj8fp1pz,0.5141,22.671641,120.3239472,ix_wsj8fp32,SW,ix_wsj8fp32,1
dt_wsj6y4kzj,0.514,22.9969878,120.1532608,ix_wsj6y4kv,NE,ix_wsj6y4kv,1
dt_wsmb1gn8c,0.514,23.9228643,120.6718472,ix_wsmb1gn9,SW,ix_wsmb1gn9,1
dt_wsj7nkkz9,0.5139,23.0520101,120.1640555,ix_wsj7nksb,SW,ix_wsj7nksb,1
dt_wsmc0vhxx,0.5139,24.1107891,120.6253859,ix_wsmc0vhv,NW,ix_wsmc0vhv,1
dt_wsj89yfds,0.5138,22.6254273,120.3148949,ix_wsj89yft,SE,ix_wsj89yft,1
dt_wsjdjwkch,0.5138,22.8860871,120.482811,ix_wsjdjwm0,NW,ix_wsjdjwm0,1
dt_wsjzdt8ty,0.5136,23.8495617,120.6967727,ix_wsjzdt8w,SE,ix_wsjzdt8w,1
dt_wsqjqs274,0.5136,24.8529702,121.2235808,ix_wsqjqs26,NE,ix_wsqjqs26,1
dt_wsj8eejnu,0.5134,22.6055383,120.3952259,ix_wsj8eejj,NW,ix_wsj8eejj,1
dt_wsj8cru2d,0.5131,22.6744982,120.2952635,ix_wsj8cru3,SW,ix_wsj8cru3,1
dt_wsmcd72fr,0.5129,24.1881948,120.6861829,ix_wsmcd734,NW,ix_wsmcd734,1
dt_wsqq200rk,0.5128,25.0061687,121.2895812,ix_wsqq200m,NW,ix_wsqq200m,1
dt_wsjtskyun,0.5127,23.4936173,120.4306803,ix_wsjtskz1,NW,ix_wsjtskz1,1
dt_wsjxjgz6u,0.5123,23.7515821,120.4972081,ix_wsjxjgz5,SE,ix_wsjxjgz5,1
dt_wsmc3bpg4,0.5121,24.126502,120.6736125,ix_wsmc3bpf,NW,ix_wsmc3bpf,1
dt_wsqjuhzmv,0.5121,24.9440792,121.1234851,ix_wsqjuhzt,NW,ix_wsqjuhzt,1
dt_wsmgsuwbc,0.5112,24.5463525,120.8039923,ix_wsmgsuw8,NE,ix_wsmgsuw8,1
dt_wsqqqr7tv,0.511,25.0457091,121.568763,ix_wsqqqr7t,NW,ix_wsqqqr7t,1
dt_wsmurmfr4,0.511,24.6861487,120.9077496,ix_wsmurmfq,NW,ix_wsmurmfq,1
dt_wsqj4j49u,0.5108,24.8129622,121.0290155,ix_wsqj4j49,NE,ix_wsqj4j49,1
dt_wsjw42t38,0.5106,23.557721,120.3404748,ix_wsjw42t2,NW,ix_wsjw42t2,1
dt_wsj8d3s6k,0.5103,22.5965197,120.3392694,ix_wsj8d3s3,NE,ix_wsj8d3s3,1
dt_wsj7nwce2,0.5102,23.0650103,120.1705365,ix_wsj7nwce,SE,ix_wsj7nwce,1
dt_wsmcdmwpj,0.5101,24.2013617,120.693285,ix_wsmcdmwn,NW,ix_wsmcdmwn,1
dt_wsqqjc6g9,0.51,24.9684116,121.5456096,ix_wsqqjc6e,SE,ix_wsqqjc6e,1
dt_wsqhfjb0z,0.5097,24.7729479,121.0257224,ix_wsqhfjb3,SW,ix_wsqhfjb3,1
dt_wsqnn3nte,0.5095,24.9674134,121.2212418,ix_wsqnn3q2,SE,ix_wsqnn3q2,1
dt_wsjdjwhbb,0.5094,22.8846661,120.4826108,ix_wsjdjwj4,SW,ix_wsjdjwj4,1
dt_wsqqmtnr6,0.5094,25.033615,121.5394541,ix_wsqqmtnq,NW,ix_wsqqmtnq,1
dt_wsqqt5x5h,0.5093,25.0685703,121.5185815,ix_wsqqt5wg,SE,ix_wsqqt5wg,1
dt_wsj86g27s,0.509,22.5624039,120.35574,ix_wsj86g2k,SW,ix_wsj86g2k,1
dt_wsm8u87rv,0.5089,24.0408252,120.4368307,ix_wsm8u8e4,SE,ix_wsm8u8e4,2
dt_wsjw1w0p0,0.5088,23.5888579,120.3003243,ix_wsjw1w26,SW,ix_wsjw1w26,1
dt_wsm8xbkhg,0.5088,23.9963506,120.5806063,ix_wsm8xbkh,NW,ix_wsm8xbkh,1
dt_wsmc6xyt1,0.5086,24.1694115,120.7047783,ix_wsmc6xyt,SE,ix_wsmc6xyt,1
dt_wsjwz5rkn,0.5085,23.7050671,120.5522426,ix_wsjwz5r1,NE,ix_wsjwz5r1,1
dt_wsqqmrg4y,0.5083,25.0479646,121.5241864,ix_wsqqmrg4,NW,ix_wsqqmrg4,1
dt_wsjs9e017,0.5083,23.3077463,120.3004499,ix_wsjs97pg,SE,ix_wsjs97pg,1
dt_wsjtejbqu,0.5083,23.4995593,120.3667572,ix_wsjtejbw,NW,ix_wsjtejbw,2
dt_wsjbbd5bp,0.5082,22.6428398,120.6133608,ix_wsjbbd59,SE,ix_wsjbbd59,1
dt_wsje33ses,0.5082,23.0801573,120.2956672,ix_wsje33sd,NE,ix_wsje33sd,1
dt_wsmc3khhv,0.5081,24.148795,120.646593,ix_wsmc3khm,SW,ix_wsmc3khm,1
dt_wsmc2chwg,0.508,24.1326596,120.6252143,ix_wsmc2chm,NE,ix_wsmc2chm,1
dt_wsk5j9yyq,0.5078,24.4443121,118.3762354,ix_wsk5j9yu,NE,ix_wsk5j9yu,1
dt_wsqjypk82,0.5078,24.9568649,121.207377,ix_wsqjypkg,SW,ix_wsqjypkg,1
dt_wsj88v2sb,0.5077,22.6175785,120.2680586,ix_wsj88v2w,SW,ix_wsj88v2w,1
dt_wsn1s5m91,0.5077,22.7817105,121.120918,ix_wsn1s5m8,NW,ix_wsn1s5m8,1
dt_wsqjzffnm,0.5076,24.9332131,121.2810542,ix_wsqjzffj,NW,ix_wsqjzffj,1
dt_wsj6zcern,0.5076,22.9928484,120.2281506,ix_wsj6zceq,NE,ix_wsj6zceq,1
dt_wsjtktkcp,0.5075,23.4518918,120.4389651,ix_wsjtkthw,NE,ix_wsjtkthw,1
dt_wsjejemn0,0.5072,23.0462536,120.4829658,ix_wsjejet2,SW,ix_wsjejet2,1
dt_wsqq5e7h5,0.5071,24.9794807,121.4471579,ix_wsqq5e7h,SW,ix_wsqq5e7h,1
dt_wsmcdf0z2,0.5068,24.182162,120.7078286,ix_wsmcdf2b,SW,ix_wsmcdf2b,1
dt_wsn76jbyh,0.5066,23.1039241,121.3781688,ix_wsn76jbv,NW,ix_wsn76jbv,1
dt_wsqqksfcu,0.5065,25.0313021,121.4908004,ix_wsqqksff,SE,ix_wsqqksff,1
dt_wsj8cd6xr,0.5063,22.6454404,120.304056,ix_wsj8cd6w,NE,ix_wsj8cd6w,1
dt_wsqqwq3nc,0.5062,25.0843445,121.5651432,ix_wsqqwq92,SW,ix_wsqqwq92,1
dt_wsqqvmssc,0.5061,25.123809,121.5260137,ix_wsqqvmsk,SE,ix_wsqqvmsk,1
dt_wsj89xr06,0.5056,22.6277942,120.3100291,ix_wsj89xny,NE,ix_wsj89xny,1
dt_wsj6ygsuh,0.5055,23.0033436,120.1861485,ix_wsj6ygsu,SW,ix_wsj6ygsu,1
dt_wsqjyx3xn,0.5055,24.9580616,121.2254656,ix_wsqjyx9f,SW,ix_wsqjyx9f,1
dt_wsj8ctdjj,0.5055,22.6629098,120.3032883,ix_wsj8ctdj,SE,ix_wsj8ctdj,1
dt_wsj6xwnhy,0.5054,22.9732664,120.2209208,ix_wsj6xwjy,SE,ix_wsj6xwjy,1
dt_wsjdbwkr2,0.5054,23.0190051,120.2621947,ix_wsjdbwkr,SW,ix_wsjdbwkr,1
dt_wsj91ckg0,0.5053,22.6831801,120.3178141,ix_wsj91cm5,SW,ix_wsj91cm5,1
dt_wsjtthp5p,0.5051,23.4893116,120.4640163,ix_wsjtthnb,NE,ix_wsjtthnb,1
dt_wsj918t98,0.505,22.6788181,120.3078632,ix_wsj918t9,NW,ix_wsj918t9,1
dt_wsj89w2mx,0.5048,22.6231781,120.300972,ix_wsj89w2e,NW,ix_wsj89w2e,1
dt_wsqqmrzpb,0.5046,25.0487989,121.5294028,ix_wsqqmrzm,NW,ix_wsqqmrzm,1
dt_wsj94kzyz,0.5043,22.7030508,120.3442119,ix_wsj94mp8,SE,ix_wsj94mp8,1
dt_wsqqk105t,0.5043,25.0109981,121.4650714,ix_wsqq7cpy,SE,ix_wsqq7cpy,1
dt_wsj8cjg7y,0.5042,22.664087,120.28308,ix_wsj8cjg7,SE,ix_wsj8cjg7,1
dt_wsqqx0w4s,0.504,25.0520138,121.6051081,ix_wsqqx0w6,NW,ix_wsqqx0w6,1
dt_wsqqwv5n2,0.5038,25.0774079,121.5898463,ix_wsqqwv5n,SW,ix_wsqqwv5n,1
dt_wsmc36h48,0.5036,24.1374315,120.6463852,ix_wsmc36h4,NW,ix_wsmc36h4,1
dt_wsqqw7reu,0.5035,25.0673631,121.5742046,ix_wsqqw7ru,SW,ix_wsqqw7ru,1
dt_wsn09s121,0.5034,22.6098953,121.0051795,ix_wsn09ecw,NW,ix_wsn09ecw,1
dt_wsq2nyqyn,0.5033,23.9416537,121.5952206,ix_wsq2nyqy,SE,ix_wsq2nyqy,1
dt_wsjwzh44g,0.5032,23.7089885,120.5448918,ix_wsjwzh1y,SE,ix_wsjwzh1y,1
dt_wsqj0cgp0,0.5031,24.7960031,120.9745825,ix_wsqj0f53,SW,ix_wsqj0f53,1
dt_wsqqtcz22,0.5027,25.0584867,121.5517421,ix_wsqqtcxt,NW,ix_wsqqtcxt,1
dt_wsqqt9smd,0.5026,25.0580469,121.5367065,ix_wsqqt9ss,NW,ix_wsqqt9ss,1
dt_wsmfuhr3g,0.5023,24.4133104,120.7718413,ix_wsmfuhr3,SW,ix_wsmfuhr3,1
dt_wsj8ec9kh,0.5023,22.5968397,120.4010913,ix_wsj8ec97,NE,ix_wsj8ec97,1
dt_wsqj0ump8-2,0.5022,24.8097916,120.9773451,ix_wsqj0umk,NW,ix_wsqj0umk,1
dt_wsqts9vwk,0.5022,24.8837578,121.846105,ix_wsqts9vk,NE,ix_wsqts9vk,1
dt_wsqqmzv78,0.5021,25.0480601,121.5489908,ix_wsqqmzvs,SW,ix_wsqqmzvs,1
dt_wsj8c9r59,0.5021,22.6393233,120.309951,ix_wsj8c9qc,NE,ix_wsj8c9qc,1
dt_wsm9zw9k4,0.5021,24.2502658,120.5657927,ix_wsm9zw97,NW,ix_wsm9zw97,1
dt_wsqs6f13c,0.502,24.6646398,121.7632745,ix_wsqs6f11,NE,ix_wsqs6f11,1
dt_wsqhtpsnc,0.5019,24.739655,121.1627904,ix_wsqhtpeg,NE,ix_wsqhtpeg,1
dt_wsj89xc7f,0.5016,22.6311188,120.302101,ix_wsj89xc1,NE,ix_wsj89xc1,1
dt_wsj8enyt6,0.5016,22.625904,120.3752236,ix_wsj8enyw,SW,ix_wsj8enyw,1
dt_wsmc9bwmc,0.5013,24.1736764,120.6714913,ix_wsmc9bwj,NE,ix_wsmc9bwr,2
dt_wsqmvxtk7,0.5013,24.9589611,121.5381396,ix_wsqmvxt9,NW,ix_wsqmvxt9,1
dt_wsqq2h4z2,0.5013,25.0281394,121.2928412,ix_wsqq2h69,SE,ix_wsqq2h69,1
dt_wsj91gkc2,0.5012,22.6938803,120.3178339,ix_wsj91gk9,SE,ix_wsj91gk9,1
dt_wsjtsfety,0.5012,23.4815372,120.4482214,ix_wsjtsfg8,SE,ix_wsjtsfg8,1
dt_wsj89mvvz,0.501,22.620487,120.2975289,ix_wsj89mvg,NE,ix_wsj89mvg,1
dt_wsqqt4e3u,0.501,25.0628927,121.5134568,ix_wsqqt4ed,SW,ix_wsqqt4ed,1
dt_wsm9j2pk7,0.5006,24.0827995,120.4751851,ix_wsm9j2p7,NW,ix_wsm9j2p7,1
dt_wsj8f4z3x,0.5004,22.6472423,120.3325413,ix_wsj8f4xp,NE,ix_wsj8f4xp,1
dt_wsj89km8z,0.5004,22.611402,120.2971968,ix_wsj89km3,SE,ix_wsj89km3,1
dt_wsmf2z235,0.5002,24.3417744,120.6193926,ix_wsmf2z0t,NW,ix_wsmf2z0t,1
dt_wsqq24bnj,0.5,25.0210195,121.2893032,ix_wsqq24bn,SE,ix_wsqq24bn,1
